id;Data;Temp. Retal;Media T Retal;Termograma ;Media Termograma;Foto;Temp. Ambiente;Monta;Sinal de Cio;Lote
1568;13.02.2025;38,8;38,6;36,2;37,511;431;29;;;Rosa
1568;14.02.2025;38,7;38,994;38,2;37,783;480;28;;;Rosa
1568;15.02.2025;39,1;39;38;37,415;526;28;;;Rosa
1568;16.02.2025;38,9;38,685;37,5;37,52;557;28;;;Rosa
1568;17.02.2025;40,2;39,075;40,3;38,075;614;33;;?;Rosa
1568;18.02.2025;39,2;39,005;36,8;36,3;631;30;X;;Rosa
1568;19.02.2025;38,9;38,895;38,6;37,505;696;30;;;Rosa
1568;20.02.2025;39,6;39,31;38,6;38,805;707;31;;;Rosa
1568;21.02.2026;38,8;38,9;37,4;37,22;776;33;;;Rosa
1568;22.02.2027;38,8;38,61;37,5;37,2;793;31;;;Rosa
1568;23.02.2028;39,1;38,94;38,5;37,91;848;33;;;Rosa
1568;24.02.2029;39,1;38,905;38,5;37,345;895;31;;;Rosa
1568;25.02.2030;39,1;38,905;37,3;36,275;906;31;;;Rosa
1568;26.02.2031;39,8;39,315;36,8;36,9;952;31;;;Rosa
1568;27.02.2032;39,4;39,16666667;38,7;37,92666667;1017;31;;;Rosa
1568;28.02.2025;39,1;39,1625;38,3;37,95;1060;32;;;Rosa
1568;01.03.2025;39,1;39,15882353;36,7;37,87647059;1101;33;;;Rosa
1568;02.03.2025;38;39,09444444;37,5;37,85555556;1124;27;;;Rosa
1568;03.03.2025;39;39,08947368;38,4;37,88421053;1185;33;;;Rosa
1568;04.03.2025;39;39,085;37,8;37,88;1228;32;;;Rosa
1568;05.03.2025;38,9;39,07619048;38;37,88571429;1264;30;;;Rosa
1568;06.03.2025;38;38,99867137;37,6;37,5725056;1309;32 ;;;Rosa
1602;13.02.2025;38,8;38,6;38,2;37,511;414;29;X;;Rosa
1602;14.02.2025;39,4;38,994;38,4;37,783;468;28;;;Rosa
1602;15.02.2025;38,8;39;37,9;37,415;484;28;X;;Rosa
1602;16.02.2025;38,8;38,685;36,8;37,52;530;28;;;Rosa
1602;17.02.2026;39,2;39,075;37,4;38,075;609;33;X;;Rosa
1602;18.02.2025;39,3;39,005;35,2;36,3;624;30;X;;Rosa
1602;19.02.2025;39,4;38,895;38,5;37,505;697;30;;;Rosa
1602;20.02.2025;39,6;39,31;38,9;38,805;708;31;;;Rosa
1602;21.02.2026;39;38,9;37,3;37,22;777;33;;;Rosa
1602;22.02.2027;39,1;38,61;37,8;37,2;787;31;;;Rosa
1602;23.02.2028;38,9;38,94;37,8;37,91;860;33;;;Rosa
1602;24.02.2029;38,9;38,905;37,4;37,345;900;31;;;Rosa
1602;25.02.2030;39,3;38,905;36,7;36,275;938;31;;;Rosa
1602;26.02.2031;39,1;39,315;38,6;37,68;951;31;;;Rosa
1602;27.02.2032;39,8;39,16;38;37,66;1012;31;;;Rosa
1602;28.02.2033;39,6;39,1875;37,9;37,64;1063;32;;;Rosa
1602;01.03.2025;39,3;39,19411765;36;37,57647059;1093;33;;;Rosa
1602;02.03.2025;38,1;39,13333333;37,6;37,57777778;1123;27;;;Rosa
1602;03.03.2025;39,3;39,14210526;39;37,65263158;1178;33;;;Rosa
1602;04.03.2025;39,4;39,155;37,2;37,63;1223;32;;INCHADA;Rosa
1602;05.03.2025;39,6;39,17619048;39,3;37,70952381;1258;30;;;Rosa
1602;06.03.2025;39,2;39,01367842;38,1;37,52335256;1303;32;;;Rosa
1605;12.02.2025;39,4;39,1;36,5;36,56;331;31;;;Rosa
1605;13.02.2025;39;38,6;38,5;37,511;391;29;;;Rosa
1605;14.02.2025;39,2;38,994;38,5;37,783;456;28;;;Rosa
1605;15.02.2025;39,1;39;37,4;37,415;510;28;;;Rosa
1605;16.02.2025;38,6;38,685;36,5;37,52;533;28;;;Rosa
1605;17.02.2026;38,8;39,075;38,1;38,075;599;33;;;Rosa
1605;18.02.2025;38,6;39,005;37,7;36,3;633;30;;;Rosa
1605;19.02.2025;39,1;38,895;37,3;37,505;695;30;;;Rosa
1605;20.02.2025;39,8;39,31;39;38,805;719;31;;;Rosa
1605;21.02.2026;38,9;38,9;36,6;37,22;766;33;;;Rosa
1605;22.02.2027;38,8;38,61;35,5;37,2;791;31;;;Rosa
1605;23.02.2028;38,8;38,94;37,6;37,91;847;33;;;Rosa
1605;24.02.2029;38,5;38,905;37,2;37,345;884;31;;;Rosa
1605;25.02.2030;39;38,905;35;36,275;940;31;;;Rosa
1605;26.02.2031;39,5;39,315;38,1;37,68;964;31;;;Rosa
1605;27.02.2032;39,9;39,0625;38,4;37,36875;1020;31 ;;;Rosa
1605;28.02.2033;39,4;39,08235294;36,3;37,30588235;1061;32;;;Rosa
1605;01.03.2025;38,9;39,07222222;38,3;37,36111111;1105;33;;;Rosa
1605;02.03.2025;38,1;39,02105263;36,1;37,29473684;1112;27;;;Rosa
1605;03.03.2025;39,3;39,035;39,1;37,385;1180;33;;;Rosa
1605;04.03.2025;39,2;39,04285714;37,5;37,39047619;1216;32;;INCHADA;Rosa
1605;05.03.2025;38,6;39,02272727;35,7;37,31363636;1260;30;;;Rosa
1605;06.03.2025;39,1;38,97512915;38,3;37,42683776;1301;32;;;Rosa
1612;13.02.2025;38,8;38,6;36,5;37,511;415;29;;;Rosa
1612;14.02.2025;39,2;38,994;38,5;37,783;453;28;;;Rosa
1612;15.02.2025;38,9;39;39,3;37,415;511;28;;;Rosa
1612;16.02.2025;38,5;38,685;37,4;37,52;549;28;;;Rosa
1612;17.02.2025;38,8;39,075;38,9;38,075;600;33;X;?;Rosa
1612;18.02.2025;39;39,005;37,3;36,3;620;30;;;Rosa
1612;19.02.2025;39,1;38,895;39,5;37,505;690;30;X;;Rosa
1612;20.02.2025;39,2;39,31;38,9;38,805;714;31;;;Rosa
1612;21.02.2026;38,8;38,9;37,8;37,22;764;33;;;Rosa
1612;22.02.2027;39;38,61;37,6;37,2;788;31;X;;Rosa
1612;23.02.2028;38,7;38,94;38;37,91;849;33;;;Rosa
1612;24.02.2029;38,9;38,905;37,8;37,345;898;31;;;Rosa
1612;25.02.2030;39,1;38,905;36,1;36,275;939;31;;;Rosa
1612;26.02.2031;39,1;39,315;38,8;37,68;959;31;;;Rosa
1612;27.02.2032;39;38,94;38,5;38,06;1016;31;;;Rosa
1612;28.02.2033;39,1;38,95;38,7;38,1;1055;32;;;Rosa
1612;01.03.2025;39,1;38,95882353;38;38,09411765;1094;33;;INCHADA;Rosa
1612;02.03.2025;38,5;38,93333333;37,8;38,07777778;1122;27;;;Rosa
1612;03.03.2025;39,2;38,94736842;37,8;38,06315789;1174;33;;;Rosa
1612;04.03.2025;38,8;38,94;38,6;38,09;1215;32;;;Rosa
1612;05.03.2025;39;38,94285714;37,9;38,08095238;1261;30;;;Rosa
1612;06.03.2025;39,1;38,94054202;38,7;37,67190503;1305;32;;;Rosa
2246;13.02.2025;37,7;38,6;38,3;37,511;365;29;X;;Rosa
2246;14.02.2025;38,9;38,994;34,7;37,783;474;28;;;Rosa
2246;15.02.2025;39,1;39;37,8;37,415;525;28;;;Rosa
2246;16.02.2025;38,7;38,685;38;37,52;565;28;;;Rosa
2246;17.02.2025;39,1;39,075;37,2;38,075;608;33;X;;Rosa
2246;18.02.2025;39;39,005;34,8;36,3;632;30;;;Rosa
2246;19.02.2025;38,4;38,895;35,3;37,505;682;30;;;Rosa
2246;20.02.2025;39,4;39,31;38,5;38,805;703;31;;;Rosa
2246;21.02.2026;38,6;38,9;38,2;37,22;760;33;;;Rosa
2246;22.02.2027;38,7;38,61;37,9;37,2;798;31;;;Rosa
2246;23.02.2028;38,7;38,94;37,3;37,91;859;33;X;;Rosa
2246;24.02.2029;39,4;38,905;37,1;37,345;903;31;;;Rosa
2246;25.02.2030;39;38,905;36,8;36,275;945;31;;;Rosa
2246;26.02.2031;39,3;39,315;37,3;37,68;967;31;;;Rosa
2246;27.02.2032;39,4;38,89333333;38,4;37,17333333;1005;31;;;Rosa
2246;28.02.2033;39,2;38,9125;38,7;37,26875;1057;32;;;Rosa
2246;01.02.2025;38,9;38,91176471;37,7;37,29411765;1106;33;;;Rosa
2246;02.03.2025;38,2;38,87222222;37,6;37,31111111;1125;27;;;Rosa
2246;03.03.2025;39,2;38,88947368;37,7;37,33157895;1187;33;;;Rosa
2246;04.03.2025;39;38,895;37,4;37,335;1230;32;;;Rosa
2246;05.03.2025;39;38,9;37,3;37,33333333;1273;30;;;Rosa
2246;06.03.2025;39,5;38,92444257;37,7;37,40910592;1315;32;;;Rosa
2353;13.02.2025;38,6;38,6;37,6;37,511;417;29;;;Rosa
2353;14.02.2025;39,4;38,994;38,2;37,783;454;28;;;Rosa
2353;15.02.2025;39;38,1;38,1;37,415;488;28;X;;Rosa
2353;16.02.2025;38,6;38,685;37,4;37,52;542;28;;;Rosa
2353;17.02.2025;39;39,075;37,2;38,075;604;33;;?;Rosa
2353;18.02.2025;39,1;39,005;37,4;36,3;618;30;;;Rosa
2353;19.02.2025;38,9;38,895;35,7;37,505;681;30;;;Rosa
2353;20.02.2025;38,1;39,31;38,7;38,805;712;31;;;Rosa
2353;21.02.2026;38,9;38,9;37,7;37,22;771;33;;;Rosa
2353;22.02.2027;38,9;38,61;37,5;37,2;795;31;;;Rosa
2353;23.02.2028;38,8;38,94;37,8;37,91;850;33;;;Rosa
2353;24.02.2029;38,2;38,905;37,5;37,345;891;31;;;Rosa
2353;25.02.2030;39,3;38,905;36,9;36,275;932;31;;;Rosa
2353;26.02.2031;39,2;39,315;37,1;37,68;948;31;;;Rosa
2353;27.02.2032;39,4;38,89333333;38;37,52;1008;31;;;Rosa
2353;28.02.2033;39,2;38,9125;38,7;37,59375;1058;32;X;;Rosa
2353;01.03.2025;38,9;38,91176471;38,2;37,62941176;1089;33;;;Rosa
2353;02.03.2025;38,1;38,86666667;36,9;37,58823529;1113;27;;;Rosa
2353;03.03.2025;39;38,87368421;38,3;37,62631579;1181;33;;;Rosa
2353;04.03.2025;39;38,88;37,7;37,63;1213;32;;;Rosa
2353;05.03.2025;38,9;38,88095238;37,9;37,64285714;1271;30;;;Rosa
2353;06.03.2025;38,9;38,87894768;38;37,51307476;1298;32;;;Rosa
2360;13.02.2025;38,2;38,6;38,1;37,511;382;29;X;;Rosa
2360;14.02.2025;39,2;38,994;37;37,783;475;28;;;Rosa
2360;15.02.2025;39,1;39;37,4;37,415;519;28;;;Rosa
2360;16.02.2025;38,8;38,685;37,8;37,52;558;28;X;;Rosa
2360;17.02.2025;39,1;39,075;40,2;38,075;602;33;;;Rosa
2360;18.02.2025;38,9;39,005;36,2;36,3;625;30;;;Rosa
2360;19.02.2025;38,8;38,895;36,9;37,505;688;30;;;Rosa
2360;20.02.2025;39,2;39,31;39,5;38,805;720;31;;;Rosa
2360;21.02.2026;38,9;38,9;36,6;37,22;769;33;;;Rosa
2360;22.02.2027;38,9;38,61;37,2;37,2;792;31;;;Rosa
2360;23.02.2028;38,6;38,94;38,7;37,91;854;33;;;Rosa
2360;24.02.2029;38,9;38,905;37,3;37,345;896;31;;;Rosa
2360;25.02.2030;38,1;38,905;35,5;36,275;928;31;;Secreção ;Rosa
2360;26.02.2031;39;39,315;38;37,68;961;31;;;Rosa
2360;27.02.2032;39,2;38,86;37,8;37,61333333;1006;31;;;Rosa
2360;28.02.2033;39,2;38,88125;38,4;37,6625;1056;32;;;Rosa
2360;01.03.2025;39,1;38,2;37,2;37,63529412;1099;33;;;Rosa
2360;02.03.2025;37,9;38,87647059;36,4;37,56666667;1109;27 ;;;Rosa
2360;03.03.2025;39,2;38,85789474;37,2;37,54736842;1167;33;;;Rosa
2360;04.03.2025;39,2;38,875;35,7;37,455;1210;32;;;Rosa
2360;05.03.2025;39,2;38,89047619;36,7;37,41904762;1252;30;;Secreção;Rosa
2360;06.03.2025;38,8;38,88476626;37,8;37,49729572;1312;32;;Vulva Inchada;Rosa
2363;13.02.2025;38,9;38,6;37,7;37,511;388;29;;;Rosa
2363;14.02.2025;39;38,994;37,2;37,783;449;28;;;Rosa
2363;15.02.2025;38,2;39;36,4;37,415;489;28;;;Rosa
2363;16.02.2025;38,4;38,685;37,6;37,52;541;28;;;Rosa
2363;17.02.2025;38,7;39,075;37,4;38,075;591;33;;;Rosa
2363;18.02.2025;38,6;39,005;35,2;36,3;628;30;;;Rosa
2363;19.02.2025;38,4;38,895;35,6;37,505;687;30;;;Rosa
2363;20.02.2025;39,2;39,31;38,1;38,805;713;31;;;Rosa
2363;21.02.2026;38,9;38,9;36,1;37,22;761;33;;;Rosa
2363;22.02.2027;39,1;38,61;37,6;37,2;786;31;;;Rosa
2363;23.02.2028;39,2;38,94;36,9;37,91;853;33;;;Rosa
2363;24.02.2029;38,7;38,905;36,8;37,345;894;31;;;Rosa
2363;25.02.2030;38,9;38,905;35,5;36,275;936;31;;;Rosa
2363;26.02.2031;39,4;39,315;37,7;37,68;958;31;;;Rosa
2363;27.02.2032;39,2;38,85333333;37,5;36,88666667;1022;31;;;Rosa
2363;28.02.2033;39,2;38,875;37,7;36,9375;1048;32 ;;;Rosa
2363;01.03.2025;39,1;38,88823529;37,1;36,94705882;1090;33;;;Rosa
2363;02.03.2025;38;38,83888889;36,4;36,91666667;1116;27;;;Rosa
2363;03.03.2025;39,2;38,85789474;38,5;37;1179;33;;;Rosa
2363;04.03.2025;38,9;38,86;37,8;37,04;1225;32 ;;;Rosa
2363;05.03.2025;39;38,86666667;37,6;37,06666667;1262;30;;;Rosa
2363;06.03.2025;39,2;38,91328662;38,7;37,30183613;1300;32 ;;;Rosa
2367;13.02.2025;38,8;38,6;39,1;37,511;381;29;;;Rosa
2367;14.02.2025;38,8;38,994;38,2;37,783;470;28;;;Rosa
2367;15.02.2025;39,2;39;36,4;37,415;504;28;;;Rosa
2367;16.02.2025;38,8;38,685;38,5;37,52;555;28;;;Rosa
2367;17.02.2025;39;39,075;38,7;38,075;593;33;;;Rosa
2367;18.02.2025;38,9;39,005;38,2;36,3;636;30;;;Rosa
2367;19.02.2025;38,8;38,895;37,5;37,505;694;30;;;Rosa
2367;20.02.2025;39,3;39,31;38,9;38,805;716;31;;;Rosa
2367;21.02.2025;38,8;38,9;37,3;37,22;772;33;;;Rosa
2367;22.02.2025;40,2;38,61;38,9;37,2;794;31;;;Rosa
2367;23.02.2025;39,5;38,94;38,1;37,91;851;33;;;Rosa
2367;24.02.2025;39,2;38,905;36,9;37,345;892;31;;;Rosa
2367;25.02.2025;38,8;38,905;35,8;36,275;941;31;;;Rosa
2367;26.02.2025;39,2;39,315;37,6;37,68;954;31;;;Rosa
2367;27.02.2025;39,2;39,1;37,5;37,84;1018;31;;;Rosa
2367;28.02.2025;39,3;39,1125;36,9;37,78125;1050;32;;;Rosa
2367;01.03.2025;38,9;39,1;37,7;37,77647059;1082;33;;;Rosa
2367;02.03.2025;37,9;39,03333333;37;37,73333333;1117;27;;;Rosa
2367;03.03.2025;39,1;39,03684211;38,1;37,75263158;1171;33;;INCHADA;Rosa
2367;04.03.2025;39;39,035;36,8;37,705;1221;32;;;Rosa
2367;05.03.2025;38,8;39,02380952;38,1;37,72380952;1269;30;;;Rosa
2367;06.03.2025;38,9;38,98002309;38,9;37,564595;1306;;;;Rosa
2369;12.02.2025;39,1;39,1;37,6;36,56;330;31;;;Rosa
2369;13.02.2025;38,9;38,6;38;37,511;389;29;;;Rosa
2369;14.02.2025;38,6;38,994;37,5;37,783;460;28;;;Rosa
2369;15.02.2025;39;39;39,1;37,415;485;28;;;Rosa
2369;16.02.2025;38,8;38,685;37,1;37,52;552;28;;?;Rosa
2369;17.02.2025;39,1;39,075;37,5;38,075;607;33;X;;Rosa
2369;18.02.2025;39,3;39,005;35,6;36,3;637;30;;;Rosa
2369;19.02.2025;39;38,895;37,6;37,505;693;30;;;Rosa
2369;20.02.2025;39,6;39,31;38,9;38,805;709;31;;;Rosa
2369;21.02.2026;39,1;38,9;37,3;37,22;768;33;;;Rosa
2369;22.02.2027;39,1;38,61;36,7;37,2;782;31;;;Rosa
2369;23.02.2028;38,9;38,94;38,1;37,91;857;33;;;Rosa
2369;24.02.2029;39;38,905;37,5;37,345;885;31;;;Rosa
2369;25.02.2030;36,8;38,905;35,6;36,275;935;31;;;Rosa
2369;26.02.2031;39,4;39,315;36,9;37,68;956;31;;;Rosa
2369;27.02.2032;39,5;38,95;37,2;37,3875;1013;31;;;Rosa
2369;28.02.2033;39,4;38,97647059;37,6;37,3875;1053;32;;;Rosa
2369;01.03.2025;39,1;38,98333333;37,4;37,4;1102;33;;;Rosa
2369;02.03.2025;38,1;38,93684211;36,5;37,35263158;1118;27;;;Rosa
2369;03.03.2025;39,2;38,95;38,1;37,39;1176;33;;;Rosa
2369;04.03.2025;39,1;38,95714286;38,1;37,42380952;1219;32;;;Rosa
2369;05.03.2025;39,1;38,96363636;38,6;37,47727273;1270;30;;;Rosa
2369;06.03.2025;39,6;38,94554406;38;37,44584352;1311;32;;;Rosa
2371;12.02.2025;;39,1;;36,56;;31;;;Rosa
2371;13.02.2025;38,9;38,6;35,4;37,511;345;29;;;Rosa
2371;14.02.2025;39,2;38,994;37,3;37,783;463;28;;;Rosa
2371;15.02.2025;39,2;39;36,3;37,415;515;28;;;Rosa
2371;16.02.2025;38,7;38,685;37,4;37,52;546;28;;;Rosa
2371;17.02.2025;39,2;39,075;38,2;38,075;606;33;;;Rosa
2371;18.02.2025;39,1;39,005;33,3;36,3;626;30;;;Rosa
2371;19.02.2025;38,7;38,895;37,5;37,505;692;30;;;Rosa
2371;20.02.2025;39,6;39,31;39;38,805;721;31;;;Rosa
2371;21.02.2026;38,9;38,9;36,6;37,22;773;33;;;Rosa
2371;22.02.2027;39,1;38,61;36,7;37,2;797;31;;;Rosa
2371;23.02.2028;39;38,94;37,8;37,91;856;33;;;Rosa
2371;24.02.2029;39;38,905;37,5;37,345;897;31;;;Rosa
2371;25.02.2030;36,9;38,905;35,6;36,275;943;31;;;Rosa
2371;26.02.2031;39,2;39,315;37,5;37,68;965;31;;;Rosa
2371;27.02.2032;39,3;38,93333333;37,3;36,89333333;1025;31;;;Rosa
2371;28.02.2033;39,6;38,975;38,4;36,9875;1064;32;;;Rosa
2371;01.03.2025;39;38,97647059;38;37,04705882;1104;33;;;Rosa
2371;02.03.2025;38;38,92222222;37;37,04444444;1120;27;;;Rosa
2371;03.03.2025;39,1;38,93157895;38,1;37,1;1184;33;;;Rosa
2371;04.03.2025;39;38,935;37,7;37,13;1220;32;;;Rosa
2371;05.03.2025;38,5;38,91428571;37,6;37,15238095;1255;30;;;Rosa
2371;06.03.2025;38;38,93937575;37,6;37,32851036;1314;32;;;Rosa
2374;12.02.2025;38,8;39,1;37,4;36,56;334;31;X;;Rosa
2374;13.02.2025;38,8;38,6;37,1;37,511;341;29;;;Rosa
2374;14.02.2025;39,4;38,994;38,3;37,783;443;28;;;Rosa
2374;15.02.2025;38,9;39;37,1;37,415;492;28;;;Rosa
2374;16.02.2025;38,5;38,685;37,7;37,52;554;28;;;Rosa
2374;17.02.2025;38,9;39,075;38,4;38,075;615;33;;;Rosa
2374;18.02.2025;39;39,005;35,8;36,3;629;30;;;Rosa
2374;19.02.2025;39,7;38,895;38,5;37,505;691;30;;;Rosa
2374;20.02.2025;39,1;39,31;38,5;38,805;704;31;;;Rosa
2374;21.02.2026;38,9;38,9;36,6;37,22;765;33;;;Rosa
2374;22.02.2027;38,7;38,61;37,2;37,2;785;31;;;Rosa
2374;23.02.2028;38,9;38,94;38,1;37,91;842;33;;;Rosa
2374;24.02.2029;38,9;38,905;38;37,345;886;31;;;Rosa
2374;25.02.2030;38,6;38,905;35,3;36,275;931;31;;;Rosa
2374;26.02.2031;39,3;39,315;37,1;37,68;955;31;;;Rosa
2374;27.02.2032;39,5;38,949;38,8;97,406;987;31;;;Rosa
2374;28.02.2033;39,3;38,949;36,9;37,406;1052;32;;;Rosa
2374;01.03.2025;39,2;39,02222222;36,9;37,42777778;1096;33;;;Rosa
2374;02.03.2025;37,9;38,96315789;36,6;37,38421053;1132;27;;Inchada;Rosa
2374;03.03.2025;40,7;39,05;38,2;37,425;1169;33;;;Rosa
2374;04.03.2025;39,1;39,05238095;37;37,4047619;1224;32;;;Rosa
2374;05.03.2025;39;39,05;37,2;37,39545455;1254;30;;;Rosa
2374;06.03.2025;39;38,96070291;36,8;40,30443832;1275;32;;Secreção;Rosa
2378;13.02.2025;38,8;38,6;37,3;37,511;340;29;X;;Rosa
2378;14.02.2025;39,1;38,994;38,2;37,783;465;28;X;;Rosa
2378;15.02.2025;38,9;39;37,1;37,415;502;28;;;Rosa
2378;16.02.2025;38,9;38,685;37,4;37,52;548;28;X;;Rosa
2378;17.02.2025;39,2;39,075;38,1;38,075;613;33;;;Rosa
2378;18.02.2025;38,6;39,005;34;36,3;616;30;;;Rosa
2378;19.02.2025;38,1;38,895;37,5;37,505;684;30;;;Rosa
2378;20.02.2025;39,6;39,31;38,7;38,805;711;31;;;Rosa
2378;21.02.2026;38,8;38,9;37,6;37,22;767;33;;;Rosa
2378;22.02.2027;39,2;38,61;36,6;37,2;783;31;;;Rosa
2378;23.02.2028;39;38,94;37;37,91;843;33;;;Rosa
2378;24.02.2029;38,9;38,905;36,9;37,345;887;31;;;Rosa
2378;25.02.2030;38,6;38,905;36,2;36,275;933;31;;;Rosa
2378;26.02.2031;39,6;39,315;39,1;37,68;960;31;;;Rosa
2378;27.02.2032;39;38,95333333;37,6;37,28666667;1010;31;;;Rosa
2378;28.02.2033;39;38,95625;37;37,26875;1059;32;;;Rosa
2378;01.03.2025;39;38,95882353;37,8;37,3;1097;33;;;Rosa
2378;02.03.2025;38;38,90555556;36,2;37,23888889;1119;27;;;Rosa
2378;03.03.2025;38,9;38,90526316;37,9;37,27368421;1182;33;;;Rosa
2378;04.03.2025;39;38,91;37,9;37,305;1226;32;;;Rosa
2378;05.03.2025;38,6;38,8952381;37,1;37,2952381;1265;30;;;Rosa
2378;06.03.2025;39,1;38,93445065;38,5;37,40534418;1310;32;;;Rosa
2386;13.02.2025;35,6;38,6;37;37,511;338;29;;;Rosa
2386;14.02.2025;38,2;38,994;38,2;37,783;459;28;;;Rosa
2386;15.02.2025;39,1;39;37,3;37,415;512;28;;;Rosa
2386;16.02.2025;38,7;38,685;39,7;37,52;559;28;;;Rosa
2386;17.02.2025;38,9;39,075;38,2;38,075;601;33;;;Rosa
2386;18.02.2025;39,1;39,005;35,7;36,3;622;30;;;Rosa
2386;19.02.2025;38,7;38,895;37,6;37,505;699;30;;;Rosa
2386;20.02.2025;39,2;39,31;38,7;38,805;717;31;;;Rosa
2386;21.02.2026;38,7;38,9;36,9;37,22;775;33;;;Rosa
2386;22.02.2027;38,9;38,61;37,4;37,2;801;31;;;Rosa
2386;23.02.2028;39,2;38,94;37,9;37,91;862;33;;;Rosa
2386;24.02.2029;38,6;38,905;36,7;37,345;902;31;;;Rosa
2386;25.02.2030;39,2;38,905;37,2;36,275;946;31;;;Rosa
2386;26.02.2031;39,2;39,315;38,4;37,68;963;31;;;Rosa
2386;27.02.2032;38,9;39,1;38;37,406;1023;31;;;Rosa
2386;28.02.2033;38,9;38,958;38,9;37,406;1066;32;;;Rosa
2386;01.03.2025;38,9;38,70588235;34,6;37,56818182;1098;33;;;Rosa
2386;02.03.2025;38;38,66666667;36,8;37,51111111;1114;27;;;Rosa
2386;03.03.2025;38,9;38,67894737;38,3;37,55263158;1168;33;;;Rosa
2386;04.03.2025;38,9;38,69;37,7;37,56;1231;32;;;Rosa
2386;05.03.2025;38,8;38,6952381;37,9;37,57619048;1266;30;;;Rosa
2386;06.03.2025;38,8;38,88732069;37,4;37,48210071;1299;;;;Rosa
2391;12.02.2025;39,1;39,1;35,1;36,56;329;31;;;Rosa
2391;13.02.2025;39,2;38,6;38,6;37,511;387;29;;;Rosa
2391;14.02.2025;39,1;38,994;38,2;37,783;448;28;;;Rosa
2391;15.02.2025;39,1;39;37;37,415;486;28;;;Rosa
2391;16.02.2025;38,4;38,685;37,7;37,52;538;28;;;Rosa
2391;17.02.2025;38,9;39,075;38,4;38,075;592;33;;;Rosa
2391;18.02.2025;38,9;39,005;36,8;36,3;617;30;X;?;Rosa
2391;19.02.2025;39,1;38,895;37,4;37,505;689;30;X;;Rosa
2391;20.02.2025;39,7;39,31;39;38,805;702;31;X;;Rosa
2391;21.02.2026;39;38,9;38;37,22;758;33;X;;Rosa
2391;22.02.2027;39,3;38,61;35,4;37,2;781;31;;;Rosa
2391;23.02.2028;38,8;38,94;38,1;37,91;844;33;X;;Rosa
2391;24.02.2029;39;38,905;37,5;37,345;888;31;;;Rosa
2391;25.02.2030;39,3;38,905;36;36,275;930;31;;;Rosa
2391;26.02.2031;39,8;39,315;36,8;37,68;947;31;X;;Rosa
2391;27.02.2032;39,8;39,15625;39,2;37,45;1014;31;;;Rosa
2391;28.02.2033;39,2;39,15882353;37,7;37,46470588;1049;32;;;Rosa
2391;01.03.2025;39,1;39,15555556;37,8;37,48333333;1091;33;;;Rosa
2391;02.03.2025;37,9;39,08947368;36,5;37,43157895;1110;27;;;Rosa
2391;03.03.2025;39,2;39,095;37,6;37,44;1170;33;;;Rosa
2391;04.03.2025;39,5;39,115;38,6;37,4952381;1211;32;;;Rosa
2391;05.03.2025;39,1;39,11363636;38,9;37,55909091;1256;30;;;Rosa
2391;06.03.2025;39,6;39,00108282;38,6;37,46990225;1295;32;;;Rosa
2392;13.02.2025;39;38,6;37,6;37,511;348;29;;;Rosa
2392;14.02.2025;39,2;38,994;38,3;37,783;458;28;;;Rosa
2392;15.02.2025;39,3;39;37,9;37,415;491;28;;;Rosa
2392;16.02.2025;38,7;38,685;37,1;37,52;539;28;;;Rosa
2392;17.02.2025;39,2;39,075;36,9;38,075;603;33;;;Rosa
2392;18.02.2025;39,3;39,005;36,8;36,3;623;30;;;Rosa
2392;19.02.2025;39,2;38,895;36,2;37,505;685;30;;;Rosa
2392;20.02.2025;39,6;39,31;38,7;38,805;706;31;;;Rosa
2392;21.02.2026;39;38,9;36,7;37,22;763;33;;;Rosa
2392;22.02.2027;39;38,61;37,4;37,2;790;31;;;Rosa
2392;23.02.2028;38,5;38,94;38,1;37,91;845;33;;;Rosa
2392;24.02.2029;38,8;38,905;37,6;37,345;893;31;;;Rosa
2392;25.02.2030;38,9;38,905;37,6;36,275;934;31;;;Rosa
2392;26.02.2031;39,2;39,315;37,1;37,68;949;31;;;Rosa
2392;27.02.2032;39,1;39,06666667;38,4;37,49333333;1019;31 ;;;Rosa
2392;28.02.2033;40,3;39,14375;39,2;37,6;1051;32;;;Rosa
2392;01.03.2025;39;39,13529412;37,3;37,58235294;1088;33;;;Rosa
2392;02.03.2025;38;39,07222222;36,09;37,49944444;1115;27;;;Rosa
2392;03.03.2025;39,1;39,07368421;37,7;37,51;1173;33;;;Rosa
2392;04.03.2025;39,2;39,08;37,4;37,5045;1212;32;;;Rosa
2392;05.03.2025;39,5;39,1;38,7;37,56142857;1257;30;;;Rosa
2392;06.03.2025;39,2;38,99098177;38,2;37,49024092;1304;32;;;Rosa
2393;13.02.2025;38,9;38,6;36,1;37,511;440;29;;;Rosa
2393;14.02.2025;38,1;38,994;37,1;37,783;482;28;;;Rosa
2393;15.02.2025;39,3;39;35,3;37,415;528;28;;;Rosa
2393;16.02.2025;38,8;38,685;37,6;37,52;551;28;;;Rosa
2393;17.02.2025;39;39,075;37,8;38,075;598;33;X;;Rosa
2393;18.02.2025;39,3;39,005;39,5;36,3;627;30;;;Rosa
2393;19.02.2025;39,1;38,895;37,8;37,505;698;30;;;Rosa
2393;20.02.2025;39,4;39,31;38,8;38,805;722;31;;;Rosa
2393;21.02.2026;39,3;38,9;37,5;37,22;774;33;;;Rosa
2393;22.02.2027;40,9;38,61;38,5;37,2;796;31;;;Rosa
2393;23.02.2028;39,9;38,94;39,7;37,91;855;33;;;Rosa
2393;24.02.2029;39,3;38,905;37,6;37,345;901;31;;;Rosa
2393;25.02.2030;39,2;38,905;37,5;36,275;942;31;;;Rosa
2393;26.02.2031;39,4;39,315;38,6;37,68;962;31;;;Rosa
2393;27.02.2032;38,9;39,25333333;38,6;37,86666667;1021;31;;;Rosa
2393;28.02.2033;39;39,2375;38;37,875;1062;32;;;Rosa
2393;01.03.2025;38,9;39,21764706;36;37,76470588;1100;33;; Vulva Inchada;Rosa
2393;02.03.2025;37,7;39,13333333;36,2;37,67777778;1108;27;;;Rosa
2393;03.03.2025;38,8;39,11578947;37,6;37,67368421;1166;33;;;Rosa
2393;04.03.2025;38,9;39,105;38,2;37,7;1218;32;;;Rosa
2393;05.03.2025;38,9;39,0952381;36,7;37,65238095;1251;30;;;Rosa
2393;06.03.2025;38,8;39,0141353;38,2;37,55972455;1308;32;;Secreção;Rosa
2398;12.02.2025;;39,1;;36,56;;31;X;;Rosa
2398;13.02.2025;38,4;38,6;38,1;37,511;351;29;;;Rosa
2398;14.02.2025;39,1;38,994;38,3;37,783;446;28;X;;Rosa
2398;15.02.2025;39,1;39;38;37,415;509;28;X;;Rosa
2398;16.02.2025;39;38,685;36,9;37,52;529;28;  ;;Rosa
2398;17.02.2025;39,3;39,075;36,4;38,075;594;33;;?;Rosa
2398;18.02.2025;39,3;39,005;37;36,3;634;30;;;Rosa
2398;19.02.2025;38,8;38,895;37,8;37,505;686;30;;;Rosa
2398;20.02.2025;39,5;39,31;39,2;38,805;705;31;;;Rosa
2398;21.02.2025;38,9;38,9;36,2;37,22;762;33;;Secreção ;Rosa
2398;22.02.2025;38,9;38,61;37,3;37,2;789;31;;;Rosa
2398;23.02.2025;38,8;38,94;37,7;37,91;846;33;;;Rosa
2398;24.02.2025;38,9;38,905;37,7;37,345;890;31;;Secreção ;Rosa
2398;25.02.2025;38,7;38,905;37,1;36,275;937;31;;;Rosa
2398;26.02.2025;39,3;39,315;37,1;37,68;957;31;;;Rosa
2398;27.02.2025;39,4;39,02666667;37,5;37,48666667;1011;31;;;Rosa
2398;28.02.2025;39,3;39,04375;38,7;37,5625;1054;32;;;Rosa
2398;01.03.2025;39,1;39,04705882;37,7;37,57058824;1095;33;;;Rosa
2398;02.03.2025;37,8;38,97777778;37;37,53888889;1111;27;;;Rosa
2398;03.03.2025;39,5;39,00526316;38;37,56315789;1177;33;;;Rosa
2398;04.03.2025;39,2;39,015;38;37,585;1227;32;;;Rosa
2398;05.03.2025;38,9;39,00952381;37;37,55714286;1263;30;;;Rosa
2398;06.03.2025;39,5;38,9649543;34,8;37,49561641;1307;32;;;Rosa
2395;13.02.2025;38,3;38,6;37,9;37,511;392;29;;;Rosa
2395;14.02.2025;38,9;38,994;37,5;37,783;466;28;;;Rosa
2395;15.02.2025;38,8;39;37,6;37,415;499;28;;;Rosa
2395;16.02.2025;38,6;38,685;38,2;37,52;567;28;;;Rosa
2395;17.02.2025;38,8;39,075;38,2;38,075;612;33;;;Rosa
2395;18.02.2025;38,6;39,005;36,4;36,3;630;30;;;Rosa
2395;19.02.2025;38,9;38,895;37,6;37,505;700;30;;;Rosa
2395;20.02.2025;39,3;39,31;38,9;38,805;718;31;;;Rosa
2395;21.02.2025;39;38,9;38,4;37,22;779;33;;;Rosa
2395;22.02.2025;38,8;38,61;37,2;37,2;800;31;;;Rosa
2395;23.02.2025;38,7;38,94;37,3;37,91;861;33;;;Rosa
2395;24.02.2025;38,7;38,905;36,1;37,345;904;31;;;Rosa
2395;25.02.2025;38,9;38,905;35,5;36,275;944;31;;;Rosa
2395;26.02.2025;39,2;39,315;38,1;37,68;966;31;;;Rosa
2395;27.02.2025;39,2;38,84666667;37,5;37,49333333;1026;31;;;Rosa
2395;28.02.2025;39,1;38,8625;38,4;37,55;1065;32;;;Rosa
2395;01.03.2025;39,1;38,87647059;38,6;37,61176471;1103;33;;;Rosa
2395;02.03.2025;38;38,82777778;36,9;37,57222222;1121;27;;;Rosa
2395;03.03.2025;38,9;38,83157895;38,3;37,61052632;1183;33;;;Rosa
2395;04.03.2025;39,1;38,845;37,9;37,625;1229;32;;;Rosa
2395;05.03.2025;38,5;38,82857143;37,1;37,6;1272;30;;;Rosa
2395;06.03.2025;39,3;38,90750311;38,1;37,50508793;1313;32;;;Rosa
23103;12.02.2025;39,1;39,1;36,2;36,56;314;31;;;Rosa
23103;13.02.2025;39,1;38,6;38,7;37,511;384;29;X;;Rosa
23103;14.02.2025;39,5;38,994;38,7;37,783;450;28;X;;Rosa
23103;15.02.2025;38,8;39;37,4;37,415;508;28;;;Rosa
23103;16.02.2025;38,5;38,685;36,1;37,52;531;28;X;;Rosa
23103;17.02.2025;39,1;39,075;38;38,075;596;33;;;Rosa
23103;18.02.2025;39;39,005;36,3;36,3;621;30;;;Rosa
23103;19.02.2025;38,8;38,895;36.7;37,505;683;30;;;Rosa
23103;20.02.2025;39,2;39,31;38,6;38,805;701;31;;;Rosa
23103;21.02.2026;38,8;38,9;37,6;37,22;759;33;;;Rosa
23103;22.02.2027;38,9;38,61;36,2;37,2;780;31;;;Rosa
23103;23.02.2028;38,8;38,94;37,8;37,91;852;33;;Secreção ;Rosa
23103;24.02.2029;39,4;38,905;37,2;37,345;883;31;;;Rosa
23103;25.02.2030;38,5;38,905;36,1;36,275;929;31;;Secreção ;Rosa
23103;26.02.2031;39,1;39,315;36,9;37,68;953;31;;;Rosa
23103;27.02.2032;39,6;39,0125;37,9;37,31333333;1007;37 ;;;Rosa
23103;28.02.2033;39,4;39,03529412;38,4;37,38125;1047;32;;;Rosa
23103;01.03.2025;39,3;39,05;38,3;37,43529412;1087;33;;Secreção;Rosa
23103;02.03.2025;37,2;38,95263158;35,2;37,31111111;1107;27;;;Rosa
23103;03.03.2025;39,3;38,97;36,4;37,26315789;1186;33;;;Rosa
23103;04.03.2025;39,1;38,97619048;37;37,25;1209;32;;;Rosa
23103;05.03.2025;38,9;38,97272727;37,3;37,25238095;1253;30;;SECREçãO;Rosa
23103;06.03.2025;39,3;39,095;37,5;37,875;1297;32;;;Rosa
1301;13.02.2025;38,8;38,79;38,3;37,83;347;29;X;;Vermelho
1301;14.02.2025;38,9;38,86;37,6;37,39;445;28;;;Vermelho
1301;15.02.2025;39;38,98;37,3;36,83;487;28;X;;Vermelho
1301;16.02.2025;38,5;38,625;37,5;37,373;536;28;X;;Vermelho
1301;17.02.2025;38,8;39,15;36,3;37,775;573;33;;;Vermelho
1301;18.02.2025;38,6;38,75;37;35,725;642;30;;;Vermelho
1301;19.02.2025;39,1;38,96;37,6;36,82;663;30;;;Vermelho
1301;20.02.2025;39,1;39,142;36,7;37,984;723;31;;;Vermelho
1301;21.02.2025;38,6;39,005;37,5;37,473;748;33;;;Vermelho
1301;22.02.2025;39,1;38,91;38,1;37,51;808;31;;;Vermelho
1301;23.02.2025;38,8;38,747;36,9;37,11;826;33;;;Vermelho
1301;24.02.2025;39;38,942;37,2;37,026;866;31;;;Vermelho
1301;25.02.2025;39,1;38,894;37,3;36,742;907;31;;;Vermelho
1301;26.02.2025;39,4;39,163;39,9;37,915;972;31;;;Vermelho
1301;27.02.2025;39,6;38,96;39,8;37,66666667;992;31;;;Vermelho
1301;28.02.2025;39,4;38,9875;38,5;37,71875;1029;32;;;Vermelho
1301;01.03.2025;39,1;38,99411765;37,5;38,3;1069;33;;;Vermelho
1301;02.03.2025;37,7;38,92222222;36;37,61111111;1129;27;;Vulva Inchada;Vermelho
1301;03.03.2025;39,1;38,93157895;38,3;37,64736842;1153;33;;;Vermelho
1301;04.03.2025;39,3;38,95;38;37,665;1194;32;;Vulva Inchada;Vermelho
1301;05.03.2025;39;38,95238095;38;37,68095238;1236;30;;;Vermelho
1301;06.03.2025;39,1;39,057;37,9;37,81;1279;32;;;Vermelho
1308;13.02.2025;38,8;38,79;37,8;37,83;424;29;;;Vermelho
1308;14.02.2025;38,2;38,86;36,5;37,39;481;28;;;Vermelho
1308;15.02.2025;38,9;38,98;36,2;36,83;517;28;;;Vermelho
1308;16.02.2025;38,4;38,625;37,1;37,373;561;28;;;Vermelho
1308;17.02.2025;39;39,15;38,5;37,775;586;33;;;Vermelho
1308;18.02.2025;38,8;38,75;36,8;35,725;643;30;;;Vermelho
1308;19.02.2025;38,9;38,96;37,8;36,82;670;30;;;Vermelho
1308;20.02.2025;39,3;39,142;37,9;37,984;732;31;X;;Vermelho
1308;21.02.2025;38,9;39,005;37,4;37,473;754;33;;;Vermelho
1308;22.02.2025;38,6;38,91;37,8;37,51;813;31;;;Vermelho
1308;23.02.2025;39,3;38,747;38,3;37,11;830;33;;;Vermelho
1308;24.02.2025;36,6;38,942;37,2;37,026;881;31;;;Vermelho
1308;25.02.2025;38,8;38,894;36,9;36,742;920;31;;;Vermelho
1308;26.02.2025;38,8;39,163;37,9;37,915;980;31;;;Vermelho
1308;27.02.2025;39,1;38,69333333;38,6;37,51333333;999;31;;;Vermelho
1308;28.02.2025;39,1;38,71875;37,8;37,53125;1039;32;;;Vermelho
1308;01.03.2025;39;38,73529412;38,1;37,56470588;1079;33;;;Vermelho
1308;02.03.2025;38,2;38,70555556;37,1;37,53888889;1138;27;;;Vermelho
1308;03.03.2025;39;38,72105263;37,9;37,55789474;1159;33;;;Vermelho
1308;04.03.2025;38,9;38,73;38,6;37,61;1205;32;;;Vermelho
1308;05.03.2025;38,7;38,72857143;37,2;37,59047619;1234;30;;;Vermelho
1308;06.03.2025;39;39,057;38,9;37,81;1286;32;;;Vermelho
1542;12.02.2025;38,9;39,233;37,9;37,7;333;31;;;Vermelho
1542;13.02.2025;38,9;38,79;38;37,83;383;29;X;;Vermelho
1542;14.02.2025;39;38,86;38,3;37,39;467;28;X;;Vermelho
1542;15.02.2025;38,9;38,98;36,6;36,83;505;28;;;Vermelho
1542;16.02.2025;38,7;38,625;37,7;37,373;550;28;;;Vermelho
1542;17.02.2025;39,2;39,15;38,1;37,775;578;33;;;Vermelho
1542;18.02.2025;38,9;38,75;36,1;35,725;647;30;;;Vermelho
1542;19.02.2025;38,7;38,96;37;36,82;667;30;;;Vermelho
1542;20.02.2025;39,2;39,142;37,9;37,984;730;31;;;Vermelho
1542;21.02.2025;38,9;39,005;38;37,473;747;33;;;Vermelho
1542;22.02.2025;38,7;38,91;37;37,51;804;31;;;Vermelho
1542;23.02.2025;38,3;38,747;36,9;37,11;823;33;;;Vermelho
1542;24.02.2025;38,8;38,942;37,3;37,026;868;31;;;Vermelho
1542;25.02.2025;39;38,894;37,5;36,742;908;31;;;Vermelho
1542;26.02.2025;39,1;39,163;37,1;37,915;982;31;;;Vermelho
1542;27.02.2025;39;38,8875;38,8;37,5125;997;31;;;Vermelho
1542;28.02.2025;39;38,89411765;38,3;37,55882353;1034;32;;;Vermelho
1542;01.03.2025;39,1;38,90555556;37,5;37,55555556;1070;33;;;Vermelho
1542;02.03.2025;38,1;38,86315789;37;37,52631579;1130;27;;;Vermelho
1542;03.03.2025;39,4;38,89;38,9;37,595;1156;33;;;Vermelho
1542;04.03.2025;39;38,8952381;38,1;37,61904762;1198;32;;;Vermelho
1542;05.03.2025;39,1;38,90454545;38,2;37,64545455;1244;30;;;Vermelho
1542;06.03.2025;38,9;39,057;38;37,81;1276;32;;;Vermelho
1570;12.02.2025;;39,233;;37,7;;31;X;;Vermelho
1570;13.02.2025;39;38,79;37,9;37,83;372;29;;;Vermelho
1570;14.02.2025;38,9;38,86;36,1;37,39;477;28;;;Vermelho
1570;15.02.2025;39,2;38,98;37,3;36,83;524;28;X;;Vermelho
1570;16.02.2025;38,9;38,625;37,5;37,373;544;28;;;Vermelho
1570;17.02.2025;39,2;39,15;39,3;37,775;583;33;;;Vermelho
1570;18.02.2025;39;38,75;35,7;35,725;655;30;;;Vermelho
1570;19.02.2025;39,1;38,96;37,5;36,82;678;30;X;;Vermelho
1570;20.02.2025;39,5;39,142;38,2;37,984;728;31;;;Vermelho
1570;21.02.2025;39;39,005;38,6;37,473;749;33;;;Vermelho
1570;22.02.2025;38,9;38,91;37,7;37,51;814;31;;;Vermelho
1570;23.02.2025;39,2;38,747;36,5;37,11;828;33;;;Vermelho
1570;24.02.2025;39,2;38,942;37,8;37,026;871;31;;;Vermelho
1570;25.02.2025;39,1;38,894;38,6;36,742;905;31;X;;Vermelho
1570;26.02.2025;40,3;39,163;39;37,915;976;31;X;;Vermelho
1570;27.02.2025;39,3;39,18666667;39,3;37,8;991;31;;;Vermelho
1570;28.02.2025;39;39,175;37,5;37,78125;1042;32;;;Vermelho
1570;01.03.2025;39,4;39,18823529;37,8;37,78235294;1068;33;;;Vermelho
1570;02.03.2025;38,4;39,14444444;36,9;37,73333333;1131;27;;;Vermelho
1570;03.03.2025;39,2;39,14736842;38,2;37,75789474;1148;33;;;Vermelho
1570;04.03.2025;39,4;39,16;38;37,77;1191;32;;;Vermelho
1570;05.03.2025;39,2;39,16190476;37,2;37,74285714;1233;30;;;Vermelho
1570;06.03.2025;39;39,057;37,7;37,81;1280;32;;;Vermelho
1604;12.02.2025;39,9;39,233;37,8;37,7;323;31;;;Vermelho
1604;13.02.2025;39,1;38,79;38;37,83;370;29;;;Vermelho
1604;14.02.2025;39;38,86;37,6;37,39;452;28;;;Vermelho
1604;15.02.2025;39;38,98;37,6;36,83;496;28;;;Vermelho
1604;16.02.2025;38,6;38,625;37,5;37,373;556;28;;;Vermelho
1604;17.02.2025;39,1;39,15;36,6;37,775;589;33;;;Vermelho
1604;18.02.2025;38,9;38,75;35,7;35,725;650;30;;;Vermelho
1604;19.02.2025;39,2;38,96;37,1;36,82;677;30;;;Vermelho
1604;20.02.2025;39,4;39,142;38,9;37,984;737;31;;;Vermelho
1604;21.02.2025;38,9;39,005;37,3;37,473;753;33;;;Vermelho
1604;22.02.2025;39,1;38,91;38,3;37,51;805;31;;;Vermelho
1604;23.02.2025;38,7;38,747;37,6;37,11;838;33;;;Vermelho
1604;24.02.2025;39,1;38,942;37,3;37,026;880;31;;;Vermelho
1604;25.02.2025;39,4;38,894;36,8;36,742;925;31;;;Vermelho
1604;26.02.2025;39,1;39,163;37,7;37,915;975;31;;;Vermelho
1604;27.02.2025;39,4;39,11875;38,7;37,53125;993;31;;;Vermelho
1604;28.02.2025;39,1;39,11764706;37,7;37,54117647;1035;32;;;Vermelho
1604;01.03.2025;39,1;39,11666667;37,5;37,53888889;1071;33;;;Vermelho
1604;02.03.2025;38,5;39,08421053;37,3;37,52631579;1141;27;;;Vermelho
1604;03.03.2025;39,2;39,09;37,6;37,53;1152;33;;;Vermelho
1604;04.03.2025;39,3;39,1;37;37,5047619;1188;32;;;Vermelho
1604;05.03.2025;38,9;39,09090909;37,7;37,51363636;1243;30;;;Vermelho
1604;06.03.2025;38;39,057;38,3;37,81;1291;32;;;Vermelho
1608;13.02.2025;38,8;38,79;37,7;37,83;346;29;;;Vermelho
1608;14.02.2025;39,4;38,86;38,5;37,39;442;28;;;Vermelho
1608;15.02.2025;39;38,98;36,2;36,83;513;28;;;Vermelho
1608;16.02.2025;38,7;38,625;37,8;37,373;540;28;;;Vermelho
1608;17.02.2025;39,2;39,15;37;37,775;571;33;;;Vermelho
1608;18.02.2025;39;38,75;35,8;35,725;654;30;;;Vermelho
1608;19.02.2025;39,1;38,96;36,7;36,82;664;30;X;;Vermelho
1608;20.02.2025;39,1;39,142;37,9;37,984;738;31;;;Vermelho
1608;21.02.2025;39;39,005;37;37,473;742;33;;;Vermelho
1608;22.02.2025;39;38,91;36,2;37,51;803;31;;;Vermelho
1608;23.02.2025;39;38,747;36,4;37,11;840;33;;;Vermelho
1608;24.02.2025;39;38,942;36,3;37,026;863;31;X;;Vermelho
1608;25.02.2025;39;38,894;37,9;36,742;913;31;X;;Vermelho
1608;26.02.2025;39,2;39,163;37,7;37,915;981;31;;;Vermelho
1608;27.02.2025;39,4;39,06;39,4;37,23333333;989;31;;;Vermelho
1608;28.02.2025;39,4;39,08125;37,6;37,25625;1044;32;;;Vermelho
1608;01.03.2025;39;39,07647059;38;37,3;1082;33;;Vulva Inchada;Vermelho
1608;02.03.2025;38,2,;39,07647059;37,1;37,28888889;1138;27;;Vulva Inchada;Vermelho
1608;03.03.2025;39,2;39,08333333;37,5;37,3;1161;33;;;Vermelho
1608;04.03.2025;39;39,07894737;38;37,335;1206;32;;;Vermelho
1608;05.03.2025;39;39,075;38,4;37,38571429;1242;30;;;Vermelho
1608;06.03.2025;39,1;39,057;36,2;37,81;1284;32;;;Vermelho
1611;13.02.2025;38,7;38,79;38;37,83;361;29;;;Vermelho
1611;14.02.2025;39,5;38,86;38,2;37,39;447;28;X;;Vermelho
1611;15.02.2025;39;38,98;37,5;36,83;500;28;X;;Vermelho
1611;16.02.2025;38,6;38,625;36,9;37,373;532;28;X;;Vermelho
1611;17.02.2025;39,7;39,15;38,1;37,775;572;33;;;Vermelho
1611;18.02.2025;39,4;38,75;37,3;35,725;689;30;;;Vermelho
1611;19.02.2025;39,3;38,96;38;36,82;674;30;;;Vermelho
1615;13.02.2025;38,6;38,79;37,9;37,83;430;29;;;Vermelho
1615;14.02.2025;38,7;38,86;37,5;37,39;472;28;;;Vermelho
1615;15.02.2025;39,3;38,98;37,8;36,83;527;28;;;Vermelho
1615;16.02.2025;39,1;38,625;38,8;37,373;569;28;;;Vermelho
1615;17.02.2025;39,2;39,15;39,2;37,775;590;33;;;Vermelho
1615;18.02.2025;39,1;38,75;37,3;35,725;646;30;;;Vermelho
1615;19.02.2025;39,5;38,96;37,8;36,82;669;30;;Vulva Dilatada;Vermelho
1615;20.02.2025;39,3;39,142;38,6;37,984;735;31;;;Vermelho
1615;21.02.2025;39,3;39,005;38,1;37,473;756;33;;;Vermelho
1615;22.02.2025;39,2;38,91;37,6;37,51;818;31;;;Vermelho
1615;23.02.2025;39;38,747;37,9;37,11;841;33;;;Vermelho
1615;24.02.2025;39,5;38,942;36,3;37,026;875;31;;;Vermelho
1615;25.02.2025;39,3;38,894;35,2;36,742;923;31;;;Vermelho
1615;26.02.2025;39,4;39,163;38,2;37,915;986;31;;;Vermelho
1615;27.02.2025;39,1;39,17333333;38,3;37,76666667;1004;31;;;Vermelho
1615;28.02.2025;39,3;39,18125;38,4;37,80625;1046;32;;;Vermelho
1615;01.03.2025;39,2;39,18235294;38,2;37,82941176;1085;33;;;Vermelho
1615;02.03.2025;38,4;39,13888889;37,2;37,79444444;1144;27;;Vulva Dilatada;Vermelho
1615;03.03.2025;39,1;39,13684211;38,2;37,81578947;1160;33;;;Vermelho
1615;04.03.2025;39,3;39,145;37,6;37,805;1202;32;;Vulva Dilatada;Vermelho
1615;05.03.2025;38,9;39,13333333;38,5;37,83809524;1250;30;;;Vermelho
1615;06.03.2025;39,2;39,057;39,4;37,81;1287;32;;;Vermelho
1616;13.02.2025;38,6;38,79;36,9;37,83;433;29;;;Vermelho
1616;14.02.2025;38,6;38,86;35,6;37,39;473;28;;;Vermelho
1616;15.02.2025;38,8;38,98;38,9;36,83;523;28;;;Vermelho
1616;16.02.2025;38,9;38,625;37,5;37,373;545;28;;;Vermelho
1616;17.02.2025;39,3;39,15;39,4;37,775;577;33;;;Vermelho
1616;18.02.2025;38,1;38,75;37,5;35,725;660;30;X;;Vermelho
1616;19.02.2025;39,1;38,96;37,6;36,82;671;30;X;;Vermelho
1616;20.02.2025;39;39,142;37,4;37,984;740;31;X;;Vermelho
1616;21.02.2025;38,9;39,005;37,6;37,473;744;33;X;;Vermelho
1616;22.02.2025;38,7;38,91;37,9;37,51;810;31;;;Vermelho
1616;23.02.2025;38,6;38,747;37,5;37,11;839;33;;Secreção ;Vermelho
1616;24.02.2025;39;38,942;37,5;37,026;876;31;;;Vermelho
1616;25.02.2025;38,8;38,894;36,1;36,742;927;31;;;Vermelho
1616;26.02.2025;38,9;39,163;38,9;37,915;984;31;X;;Vermelho
1616;27.02.2025;38,8;38,80666667;37,7;37,6;1024;31;;;Vermelho
1616;28.02.2025;38,8;38,80625;38;37,625;1043;32;X;;Vermelho
1616;01.03.2025;39;38,81764706;37,9;37,64117647;1081;33;;;Vermelho
1616;02.03.2025;37,9;38,76666667;37,9;37,65555556;1137;27;;;Vermelho
1616;03.03.2025;38,8;38,76842105;38,5;37,7;1158;33;;;Vermelho
1616;04.03.2025;39,1;38,785;38,5;37,74;1207;32;;;Vermelho
1616;05.03.2025;39,2;38,8047619;37,2;37,71428571;1232;30;;;Vermelho
1616;06.03.2025;39;39,057;38,1;37,81;1288;32;;;Vermelho
2021;12.02.2025;38,9;39,233;37,4;37,7;335;31;;;Vermelho
2021;13.02.2025;38,6;38,79;39,2;37,83;359;29;;;Vermelho
2021;14.02.2025;38,7;38,86;38,5;37,39;461;28;;;Vermelho
2021;15.02.2025;38,7;38,98;36,6;36,83;501;28;;;Vermelho
2021;16.02.2025;38,4;38,625;36,9;37,373;553;28;;;Vermelho
2021;17.02.2025;39;39,15;38,3;37,775;587;33;;;Vermelho
2021;18.02.2025;38,9;38,75;36,9;35,725;638;30;;;Vermelho
2021;19.02.2025;38,7;38,96;36,1;36,82;665;30;;;Vermelho
2021;20.02.2025;37,7;39,142;37,7;37,984;726;31;;?;Vermelho
2021;21.02.2025;38,9;39,005;37,4;37,473;750;33;;Vulva Inchada;Vermelho
2021;22.02.2025;38,9;38,91;37,4;37,51;802;31;;;Vermelho
2021;23.02.2025;38,6;38,747;37,9;37,11;836;33;X;;Vermelho
2021;24.02.2025;39,2;38,942;37,5;37,026;867;31;;;Vermelho
2021;25.02.2025;38,9;38,894;36,4;36,742;909;31;;;Vermelho
2021;26.02.2025;39;39,163;37,9;37,915;971;31;;;Vermelho
2021;27.02.2025;39;38,75625;39;37,56875;996;31;;;Vermelho
2021;28.02.2025;39,1;38,77647059;39,2;37,66470588;1032;32;;;Vermelho
2021;01.03.2025;39,2;38,8;38,2;37,69444444;1084;33;;Vulva Inchada;Vermelho
2021;02.03.2025;37,2;38,71578947;36,8;37,64736842;1143;27;;;Vermelho
2021;03.03.2025;39,3;38,745;38,3;37,68;1146;33;;;Vermelho
2021;04.03.2025;39,1;38,76190476;37,9;37,69047619;1197;32;;;Vermelho
2021;05.03.2025;38,8;38,76363636;37,5;37,68181818;1241;30;;;Vermelho
2021;06.03.2025;38,9;39,057;37,2;37,81;1285;32;;;Vermelho
2026;13.02.2025;39,9;38,79;37;37,83;432;29;X;;Vermelho
2026;14.02.2025;38,5;38,86;35,8;37,39;471;28;X;;Vermelho
2026;15.02.2025;38,9;38,98;37,6;36,83;493;28;X;;Vermelho
2026;16.02.2025;38,8;38,625;37,6;37,373;568;28;;;Vermelho
2026;17.02.2025;38,9;39,15;37;37,775;575;33;;;Vermelho
2026;18.02.2025;38,3;38,75;35,1;35,725;651;30;;;Vermelho
2026;19.02.2025;38,5;38,96;36,3;36,82;672;30;;;Vermelho
2026;20.02.2025;38,1;39,142;39,6;37,984;710;31;;;Vermelho
2026;21.02.2025;40,2;39,005;39,1;37,473;746;33;;;Vermelho
2026;22.02.2025;39,8;38,91;38,9;37,51;806;31;;;Vermelho
2026;23.02.2025;38,7;38,747;37,9;37,11;835;33;X;;Vermelho
2026;24.02.2025;38,9;38,942;36,9;37,026;873;31;X;;Vermelho
2026;25.02.2025;38,9;38,894;36,9;36,742;918;31;;;Vermelho
2026;26.02.2025;39,2;39,163;38;37,915;974;31;;;Vermelho
2026;27.02.2025;39,3;38,99333333;38,5;37,48;1015;31;;;Vermelho
2026;28.02.2025;39;38,99375;38,7;37,55625;1033;32;;;Vermelho
2026;01.03.2025;39;38,99411765;38;37,58235294;1080;33;;;Vermelho
2026;02.03.2025;38,3;38,96842105;35;37,43888889;1127;27;;;Vermelho
2026;03.03.2025;39,2;38,96842105;38;37,46842105;1151;33;;;Vermelho
2026;04.03.2025;39;38,97;38,1;37,5;1203;32;;;Vermelho
2026;05.03.2025;38,7;38,95714286;37,6;37,5047619;1246;30;;;Vermelho
2026;06.03.2025;39,2;39,057;37,8;37,81;1277;32;;;Vermelho
2033;13.02.2025;38,5;38,79;36,6;37,83;343;29;;;Vermelho
2033;14.02.2025;39;38,86;37;37,39;444;28;;;Vermelho
2033;15.02.2025;38,7;38,98;37,3;36,83;494;28;;;Vermelho
2033;16.02.2025;38,6;38,625;38,4;37,373;537;28;;;Vermelho
2033;17.02.2025;39;39,15;37,3;37,775;584;33;X;;Vermelho
2033;18.02.2025;38,3;38,75;36,1;35,725;641;30;;;Vermelho
2033;19.02.2025;38,3;38,96;36,3;36,82;666;30;;;Vermelho
2033;20.02.2025;38,9;39,142;37,5;37,984;725;31;;;Vermelho
2033;21.02.2025;38,6;39,005;37,7;37,473;745;33;;?;Vermelho
2033;22.02.2025;38,5;38,91;37,3;37,51;812;31;;;Vermelho
2033;23.02.2025;38,6;38,747;37,3;37,11;833;33;X;;Vermelho
2033;24.02.2025;38,7;38,942;37,3;37,026;870;31;;;Vermelho
2033;25.02.2025;38,6;38,894;36,4;36,742;916;31;;;Vermelho
2033;26.02.2025;39;39,163;38,8;37,915;979;31;;;Vermelho
2033;27.02.2025;39,3;38,70666667;38,4;37,31333333;990;31;;;Vermelho
2033;28.02.2025;38,9;38,71875;36,6;37,26875;1028;32;;;Vermelho
2033;01.03.2025;39,1;38,74117647;37,8;37,3;1076;33;;;Vermelho
2033;02.03.2025;37,9;38,69444444;36,4;37,25;1135;27;;Vulva Inchada;Vermelho
2033;03.03.2025;39;38,71052632;37,9;37,28421053;1149;33;;Vulva Inchada;Vermelho
2033;04.03.2025;38,9;38,72;38,2;37,33;1196;32;;;Vermelho
2033;05.03.2025;38,6;38,71428571;37,6;37,34285714;1240;30;;;Vermelho
2033;06.03.2025;38,8;39,057;37,9;37,81;1274;32;;;Vermelho
2035;13.02.2025;39;38,79;37,4;37,83;350;29;;;Vermelho
2035;14.02.2025;39,2;38,86;37,3;37,39;457;28;;;Vermelho
2035;15.02.2025;39,1;38,98;36,2;36,83;514;28;;;Vermelho
2035;16.02.2025;38,7;38,625;37,3;37,373;564;28;;;Vermelho
2035;17.02.2025;39,9;39,15;38,2;37,775;588;33;;;Vermelho
2035;18.02.2025;39,2;38,75;35,1;35,725;652;30;;;Vermelho
2035;19.02.2025;39,2;38,96;35,1;36,82;675;30;;;Vermelho
2035;20.02.2025;39,2;39,142;37;37,984;739;31;;?;Vermelho
2035;21.02.2025;39;39,005;37;37,473;752;33;;Vulva Inchada;Vermelho
2035;22.02.2025;38,9;38,91;36,5;37,51;819;31;;;Vermelho
2035;23.02.2025;38,8;38,747;36,9;37,11;831;33;;;Vermelho
2035;24.02.2025;38,9;38,942;36,5;37,026;882;31;;;Vermelho
2035;25.02.2025;38,3;38,894;35,2;36,742;926;31;X;;Vermelho
2035;26.02.2025;39,1;39,163;37,1;37,915;983;31;;;Vermelho
2035;27.02.2025;39,4;39,06;37,8;36,70666667;1003;31;;;Vermelho
2035;28.02.2025;39,8;39,10625;37,6;36,7625;1045;32;;;Vermelho
2035;01.03.2025;39,4;39,12352941;38;36,83529412;1086;33;;Vulva Inchada;Vermelho
2035;02.03.2025;38,5;39,08888889;36,2;36,8;1145;27;;Vulva Inchada;Vermelho
2035;03.03.2025;39,1;39,08947368;38,1;36,86842105;1165;33;;Vulva Inchada;Vermelho
2035;04.03.2025;39,2;39,095;37,7;36,91;1208;32;;;Vermelho
2035;05.03.2025;38,8;39,08095238;36,5;36,89047619;1249;30;;;Vermelho
2035;06.03.2025;39,2;39,057;37,6;37,81;1294;32;;;Vermelho
2058;13.02.2025;38,1;38,79;36,4;37,83;367;29;;;Vermelho
2058;14.02.2025;39,1;38,86;37,5;37,39;469;28;;;Vermelho
2058;15.02.2025;39,2;38,98;38,1;36,83;495;28;;;Vermelho
2058;16.02.2025;38,9;38,625;36,1;37,373;534;28;;;Vermelho
2058;17.02.2025;39,1;39,15;37;37,775;570;33;;;Vermelho
2058;18.02.2025;39,1;38,75;34,1;35,725;653;30;;;Vermelho
2058;19.02.2025;38,8;38,96;35,9;36,82;662;30;;;Vermelho
2058;20.02.2025;39,5;39,142;38,5;37,984;724;31;;;Vermelho
2058;21.02.2025;39;39,005;36,9;37,473;757;33;;;Vermelho
2058;22.02.2025;39,1;38,91;37,2;37,51;817;31;;;Vermelho
2058;23.02.2025;38,6;38,747;37,5;37,11;834;33;;;Vermelho
2058;24.02.2025;38,9;38,942;36,1;37,026;864;31;;;Vermelho
2058;25.02.2025;38,9;38,894;36,6;36,742;910;31;;;Vermelho
2058;26.02.2025;39;39,163;37,8;37,915;970;31;;;Vermelho
2058;27.02.2025;39,4;38,98;38,5;36,94666667;1002;31;;;Vermelho
2058;28.02.2025;39,3;39;38,2;37,025;1030;32;;;Vermelho
2058;01.03.2025;39,4;39,02352941;37,9;37,07647059;1075;33;;;Vermelho
2058;02.03.2025;38,4;38,98888889;36,9;37,06666667;1134;27;;Vulva Inchada;Vermelho
2058;03.03.2025;39;38,98947368;37,7;37,1;1163;33;;Vulva Inchada;Vermelho
2058;04.03.2025;39,1;38,995;37,5;37,12;1189;32;;;Vermelho
2058;05.03.2025;39;38,9952381;38,3;37,17619048;1239;30;;;Vermelho
2058;06.03.2025;39,6;39,057;38,1;37,81;1282;32;;Vulva Inchada;Vermelho
2059;13.02.2025;38,7;38,79;38,8;37,83;423;29;;;Vermelho
2059;14.02.2025;38,7;38,86;37,8;37,39;455;28;X;;Vermelho
2059;15.02.2025;39,1;38,98;37,2;36,83;497;28;X;;Vermelho
2059;16.02.2025;38,3;38,625;37;37,373;535;28;X;;Vermelho
2059;17.02.2025;38,8;39,15;37,6;37,775;574;33;;;Vermelho
2059;18.02.2025;38,1;38,75;34,7;35,725;659;30;;;Vermelho
2059;19.02.2025;38,9;38,96;35;36,82;676;30;;;Vermelho
2059;20.02.2025;39,3;39,142;37,5;37,984;733;31;;;Vermelho
2059;21.02.2025;39,7;39,005;36,7;37,473;770;33;;;Vermelho
2059;22.02.2025;38,7;38,91;37,1;37,51;807;31;;;Vermelho
2059;23.02.2025;38,4;38,747;36,6;37,11;822;33;;;Vermelho
2059;24.02.2025;39,7;38,942;37,4;37,026;865;31;;;Vermelho
2059;25.02.2025;38,4;38,894;36;36,742;924;31;;;Vermelho
2059;26.02.2025;38,8;39,163;36,6;37,915;978;31;;;Vermelho
2059;27.02.2025;39;38,84;38;36,93333333;995;31;;;Vermelho
2059;28.02.2025;38,7;38,83125;36,6;36,9125;1038;32;;;Vermelho
2059;01.03.2025;39,4;38,86470588;37,6;36,95294118;1083;33;;;Vermelho
2059;02.03.2025;38,4;38,83888889;37,2;36,96666667;1142;27;;;Vermelho
2059;03.03.2025;39,2;38,85789474;38,5;37,04736842;1164;33;;;Vermelho
2059;04.03.2025;38,9;38,86;37,1;37,05;1193;32;;;Vermelho
2059;05.03.2025;39;38,86666667;37,4;37,06666667;1248;30;;;Vermelho
2059;06.03.2025;39,2;39,057;35,4;37,81;1283;32;;;Vermelho
2121;13.02.2025;38,5;38,79;37,6;37,83;429;29;;;Vermelho
2121;14.02.2025;38,5;38,86;36,3;37,39;479;28;;;Vermelho
2121;15.02.2025;39,1;38,98;36,9;36,83;518;28;;;Vermelho
2121;16.02.2025;38,1;38,625;37,9;37,373;566;28;;;Vermelho
2121;17.02.2025;39,2;39,15;37,2;37,775;576;33;;;Vermelho
2121;18.02.2025;38,7;38,75;35;35,725;656;30;;;Vermelho
2121;19.02.2025;38,8;38,96;36,8;36,82;680;30;;;Vermelho
2121;20.02.2025;39,2;39,142;37,9;37,984;729;31;;;Vermelho
2121;21.02.2025;39,1;39,005;36,8;37,473;778;33;;;Vermelho
2121;22.02.2025;39,2;38,91;38;37,51;809;31;;;Vermelho
2121;23.02.2025;38,9;38,747;37,5;37,11;832;33;;;Vermelho
2121;24.02.2025;39,2;38,942;37,8;37,026;878;31;;;Vermelho
2121;25.02.2025;39;38,894;37,5;36,742;917;31;;;Vermelho
2121;26.02.2025;39,2;39,163;37,6;37,915;977;31;;;Vermelho
2121;27.02.2025;39,4;38,94;38;37,25333333;1000;31;;;Vermelho
2121;28.02.2025;39,2;38,98666667;37,2;37,25;1041;32;;;Vermelho
2121;01.03.2025;39,5;38,98823529;37,2;37,24705882;1077;33;;Vulva Inchada;Vermelho
2121;02.03.2025;38,3;38,95;36,2;37,18888889;1139;27;;;Vermelho
2121;03.03.2025;39,1;38,95789474;38,1;37,23684211;1162;33;;;Vermelho
2121;04.03.2025;39,4;38,98;37,9;37,27;1200;32;;Vulva Inchada;Vermelho
2121;05.03.2025;39,1;38,98571429;38,6;37,33333333;1247;30;;;Vermelho
2121;06.03.2025;39,2;39,057;38,2;37,81;1289;32;;;Vermelho
2191;13.02.2025;39,1;38,79;38,2;37,83;404;29;;;Vermelho
2191;14.02.2025;38,8;38,86;38,7;37,39;476;28;;;Vermelho
2191;15.02.2025;39,2;38,98;36,6;36,83;520;28;;;Vermelho
2191;16.02.2025;39,1;38,625;38,8;37,373;563;28;;;Vermelho
2191;17.02.2025;39,3;39,15;37;37,775;585;33;;;Vermelho
2191;18.02.2025;38,9;38,75;33,2;35,725;658;30;;;Vermelho
2191;19.02.2025;39,4;38,96;35,7;36,82;661;30;;;Vermelho
2191;20.02.2025;39,5;39,142;38,3;37,984;736;31;;? ;Vermelho
2191;21.02.2025;38,5;39,005;37,6;37,473;755;33;;;Vermelho
2191;22.02.2025;38,5;38,91;37;37,51;820;31;;;Vermelho
2191;23.02.2025;38,8;38,747;37,3;37,11;829;33;;;Vermelho
2191;24.02.2025;39,3;38,942;37,4;37,026;869;31;;;Vermelho
2191;25.02.2025;39;38,894;37,7;36,742;914;31;;;Vermelho
2191;26.02.2025;39,5;39,163;37,2;37,915;968;31;X;;Vermelho
2191;27.02.2025;39,7;39,10666667;38,8;37,3;998;31;;;Vermelho
2191;28.02.2025;39,4;39,125;38,5;37,375;1027;32;;;Vermelho
2191;01.03.2025;39,5;39,14705882;38;37,41176471;1072;33;;;Vermelho
2191;02.03.2025;38,1;39,08888889;36,7;37,37222222;1128;27;;;Vermelho
2191;03.03.2025;39,3;39,1;37,7;37,38947368;1154;33;;;Vermelho
2191;04.03.2025;39,4;39,115;38,8;37,46;1190;32;;Vulva Inchada;Vermelho
2191;05.03.2025;39,1;39,11428571;37,9;37,48095238;1235;30;;;Vermelho
2191;06.03.2025;39,3;39,057;38,6;37,81;1292;32;;;Vermelho
2173;13.02.2025;38,7;38,79;38,8;37,83;352;29;;;Vermelho
2173;14.02.2025;38,7;38,86;38,4;37,39;464;28;;;Vermelho
2173;15.02.2025;39;38,98;32,2;36,83;490;28;;;Vermelho
2173;16.02.2025;38,7;38,625;38,5;37,373;560;28;;;Vermelho
2173;17.02.2025;39,1;39,15;37,9;37,775;580;33;;;Vermelho
2173;18.02.2025;38,9;38,75;37,5;35,725;648;30;;;Vermelho
2173;19.02.2025;39,2;38,96;37,9;36,82;673;30;X;Vulva Dilatada ;Vermelho
2173;20.02.2025;39;39,142;37,1;37,984;731;31;;Secreção;Vermelho
2173;21.02.2025;38,9;39,005;37,2;37,473;751;33;X;;Vermelho
2173;22.02.2025;38,7;38,91;38,1;37,51;816;31;;;Vermelho
2173;23.02.2025;38,7;38,747;37,2;37,11;827;33;;;Vermelho
2173;24.02.2025;39,2;38,942;37,6;37,026;874;31;;;Vermelho
2173;25.02.2025;39;38,894;36,7;36,742;911;31;;;Vermelho
2173;26.02.2025;39,2;39,163;37,9;37,915;969;31;;;Vermelho
2173;27.02.2025;39,5;38,96666667;38,8;37,45333333;994;31;X;;Vermelho
2173;28.02.2025;39,3;38,9875;38,9;37,54375;1036;32;;;Vermelho
2173;01.03.2025;39,3;39,00588235;37,2;37,52352941;1078;33;;Vulva Inchada;Vermelho
2173;02.03.2025;38;38,95;37,4;37,51666667;1136;27 ;;;Vermelho
2173;03.03.2025;39,3;38,96842105;38,5;37,56842105;1150;33 ;;Vulva Inchada;Vermelho
2173;04.03.2025;39;38,97;37,9;37,585;1195;32;;;Vermelho
2173;05.03.2025;38,9;38,96666667;37,9;37,6;1238;30;;;Vermelho
2173;06.03.2025;39,4;39,057;38,1;37,81;1281;32;;;Vermelho
