id;Data;Temp. Retal;Media T Retal;Termograma ;Media Termograma;Foto;Temp. Ambiente;Monta;Sinal de Cio;Lote;Coord_X;Coord_Y
1568;13.02.2025;38,8;38,6;36,2;37,511;431.0;29.0;;;Rosa;37.0;31.0
1568;14.02.2025;38,7;38,994;38,2;37,783;480.0;28.0;;;Rosa;37.0;29.0
1568;15.02.2025;39,1;39;38;37,415;526.0;28.0;;;Rosa;41.0;40.0
1568;16.02.2025;38,9;38,685;37,5;37,52;557.0;28.0;;;Rosa;29.0;39.0
1568;17.02.2025;40,2;39,075;40,3;38,075;614.0;33.0;;;Rosa;41.0;37.0
1568;18.02.2025;39,2;39,005;36,8;36,3;631.0;30.0;true;;Rosa;40.0;31.0
1568;19.02.2025;38,9;38,895;38,6;37,505;696.0;30.0;;;Rosa;45.0;45.0
1568;20.02.2025;39,6;39,31;38,6;38,805;707.0;31.0;;;Rosa;44.0;38.0
1568;21.02.2026;38,8;38,9;37,4;37,22;776.0;33.0;;;Rosa;38.0;30.0
1568;22.02.2027;38,8;38,61;37,5;37,2;793.0;31.0;;;Rosa;43.0;36.0
1568;23.02.2028;39,1;38,94;38,5;37,91;848.0;33.0;;;Rosa;37.0;31.0
1568;24.02.2029;39,1;38,905;38,5;37,345;895.0;31.0;;;Rosa;41.0;38.0
1568;25.02.2030;39,1;38,905;37,3;36,275;906.0;31.0;;;Rosa;39.0;34.0
1568;26.02.2031;39,8;39,315;36,8;36,9;952.0;31.0;;;Rosa;38.0;37.0
1568;27.02.2032;39,4;39,16666667;38,7;37,92666667;1017.0;31.0;;;Rosa;41.0;38.0
1568;28.02.2025;39,1;39,1625;38,3;37,95;1060.0;32.0;;;Rosa;41.0;38.0
1568;01.03.2025;39,1;39,15882353;36,7;37,87647059;1101.0;33.0;;;Rosa;40.0;36.0
1568;02.03.2025;38;39,09444444;37,5;37,85555556;1124.0;27.0;;;Rosa;37.0;37.0
1568;03.03.2025;39;39,08947368;38,4;37,88421053;1185.0;33.0;;;Rosa;42.0;39.0
1568;04.03.2025;39;39,085;37,8;37,88;1228.0;32.0;;;Rosa;41.0;37.0
1568;05.03.2025;38,9;39,07619048;38;37,88571429;1264.0;30.0;;;Rosa;42.0;45.0
1568;06.03.2025;38;38,99867137;37,6;37,5725056;1309.0;32.0;;;Rosa;39.0;35.0
1602;13.02.2025;38,8;38,6;38,2;37,511;414.0;29.0;true;;Rosa;36.0;34.0
1602;14.02.2025;39,4;38,994;38,4;37,783;468.0;28.0;;;Rosa;41.0;34.0
1602;15.02.2025;38,8;39;37,9;37,415;484.0;28.0;true;;Rosa;43.0;36.0
1602;16.02.2025;38,8;38,685;36,8;37,52;530.0;28.0;;;Rosa;41.0;37.0
1602;17.02.2026;39,2;39,075;37,4;38,075;609.0;33.0;true;;Rosa;49.0;27.0
1602;18.02.2025;39,3;39,005;35,2;36,3;624.0;30.0;true;;Rosa;45.0;30.0
1602;19.02.2025;39,4;38,895;38,5;37,505;697.0;30.0;;;Rosa;41.0;34.0
1602;20.02.2025;39,6;39,31;38,9;38,805;708.0;31.0;;;Rosa;41.0;39.0
1602;21.02.2026;39;38,9;37,3;37,22;777.0;33.0;;;Rosa;42.0;30.0
1602;22.02.2027;39,1;38,61;37,8;37,2;787.0;31.0;;;Rosa;42.0;33.0
1602;23.02.2028;38,9;38,94;37,8;37,91;860.0;33.0;;;Rosa;39.0;31.0
1602;24.02.2029;38,9;38,905;37,4;37,345;900.0;31.0;;;Rosa;46.0;33.0
1602;25.02.2030;39,3;38,905;36,7;36,275;938.0;31.0;;;Rosa;37.0;30.0
1602;26.02.2031;39,1;39,315;38,6;37,68;951.0;31.0;;;Rosa;45.0;43.0
1602;27.02.2032;39,8;39,16;38;37,66;1012.0;31.0;;;Rosa;45.0;39.0
1602;28.02.2033;39,6;39,1875;37,9;37,64;1063.0;32.0;;;Rosa;40.0;40.0
1602;01.03.2025;39,3;39,19411765;36;37,57647059;1093.0;33.0;;;Rosa;47.0;33.0
1602;02.03.2025;38,1;39,13333333;37,6;37,57777778;1123.0;27.0;;;Rosa;41.0;33.0
1602;03.03.2025;39,3;39,14210526;39;37,65263158;1178.0;33.0;;;Rosa;44.0;41.0
1602;04.03.2025;39,4;39,155;37,2;37,63;1223.0;32.0;;true;Rosa;40.0;50.0
1602;05.03.2025;39,6;39,17619048;39,3;37,70952381;1258.0;30.0;;;Rosa;45.0;39.0
1602;06.03.2025;39,2;39,01367842;38,1;37,52335256;1303.0;32.0;;;Rosa;44.0;34.0
1605;12.02.2025;39,4;39,1;36,5;36,56;331.0;31.0;;;Rosa;38.0;27.0
1605;13.02.2025;39;38,6;38,5;37,511;391.0;29.0;;;Rosa;44.0;41.0
1605;14.02.2025;39,2;38,994;38,5;37,783;456.0;28.0;;;Rosa;45.0;35.0
1605;15.02.2025;39,1;39;37,4;37,415;510.0;28.0;;;Rosa;46.0;31.0
1605;16.02.2025;38,6;38,685;36,5;37,52;533.0;28.0;;;Rosa;40.0;36.0
1605;17.02.2026;38,8;39,075;38,1;38,075;599.0;33.0;;;Rosa;42.0;32.0
1605;18.02.2025;38,6;39,005;37,7;36,3;633.0;30.0;;;Rosa;39.0;38.0
1605;19.02.2025;39,1;38,895;37,3;37,505;695.0;30.0;;;Rosa;45.0;30.0
1605;20.02.2025;39,8;39,31;39;38,805;719.0;31.0;;;Rosa;33.0;41.0
1605;21.02.2026;38,9;38,9;36,6;37,22;766.0;33.0;;;Rosa;31.0;28.0
1605;22.02.2027;38,8;38,61;35,5;37,2;791.0;31.0;;;Rosa;46.0;32.0
1605;23.02.2028;38,8;38,94;37,6;37,91;847.0;33.0;;;Rosa;40.0;35.0
1605;24.02.2029;38,5;38,905;37,2;37,345;884.0;31.0;;;Rosa;38.0;41.0
1605;25.02.2030;39;38,905;35;36,275;940.0;31.0;;;Rosa;46.0;28.0
1605;26.02.2031;39,5;39,315;38,1;37,68;964.0;31.0;;;Rosa;39.0;34.0
1605;27.02.2032;39,9;39,0625;38,4;37,36875;1020.0;31.0;;;Rosa;43.0;37.0
1605;28.02.2033;39,4;39,08235294;36,3;37,30588235;1061.0;32.0;;;Rosa;43.0;48.0
1605;01.03.2025;38,9;39,07222222;38,3;37,36111111;1105.0;33.0;;;Rosa;44.0;43.0
1605;02.03.2025;38,1;39,02105263;36,1;37,29473684;1112.0;27.0;;;Rosa;38.0;31.0
1605;03.03.2025;39,3;39,035;39,1;37,385;1180.0;33.0;;;Rosa;38.0;43.0
1605;04.03.2025;39,2;39,04285714;37,5;37,39047619;1216.0;32.0;;true;Rosa;43.0;36.0
1605;05.03.2025;38,6;39,02272727;35,7;37,31363636;1260.0;30.0;;;Rosa;15.0;43.0
1605;06.03.2025;39,1;38,97512915;38,3;37,42683776;1301.0;32.0;;;Rosa;43.0;37.0
1612;13.02.2025;38,8;38,6;36,5;37,511;415.0;29.0;;;Rosa;46.0;31.0
1612;14.02.2025;39,2;38,994;38,5;37,783;453.0;28.0;;;Rosa;38.0;33.0
1612;15.02.2025;38,9;39;39,3;37,415;511.0;28.0;;;Rosa;44.0;30.0
1612;16.02.2025;38,5;38,685;37,4;37,52;549.0;28.0;;;Rosa;39.0;30.0
1612;17.02.2025;38,8;39,075;38,9;38,075;600.0;33.0;true;?;Rosa;50.0;39.0
1612;18.02.2025;39;39,005;37,3;36,3;620.0;30.0;;;Rosa;42.0;27.0
1612;19.02.2025;39,1;38,895;39,5;37,505;690.0;30.0;true;;Rosa;38.0;34.0
1612;20.02.2025;39,2;39,31;38,9;38,805;714.0;31.0;;;Rosa;41.0;34.0
1612;21.02.2026;38,8;38,9;37,8;37,22;764.0;33.0;;;Rosa;40.0;37.0
1612;22.02.2027;39;38,61;37,6;37,2;788.0;31.0;true;;Rosa;45.0;38.0
1612;23.02.2028;38,7;38,94;38;37,91;849.0;33.0;;;Rosa;37.0;37.0
1612;24.02.2029;38,9;38,905;37,8;37,345;898.0;31.0;;;Rosa;42.0;36.0
1612;25.02.2030;39,1;38,905;36,1;36,275;939.0;31.0;;;Rosa;39.0;29.0
1612;26.02.2031;39,1;39,315;38,8;37,68;959.0;31.0;;;Rosa;38.0;34.0
1612;27.02.2032;39;38,94;38,5;38,06;1016.0;31.0;;;Rosa;39.0;29.0
1612;28.02.2033;39,1;38,95;38,7;38,1;1055.0;32.0;;;Rosa;42.0;41.0
1612;01.03.2025;39,1;38,95882353;38;38,09411765;1094.0;33.0;;true;Rosa;39.0;34.0
1612;02.03.2025;38,5;38,93333333;37,8;38,07777778;1122.0;27.0;;;Rosa;45.0;44.0
1612;03.03.2025;39,2;38,94736842;37,8;38,06315789;1174.0;33.0;;;Rosa;41.0;31.0
1612;04.03.2025;38,8;38,94;38,6;38,09;1215.0;32.0;;;Rosa;44.0;35.0
1612;05.03.2025;39;38,94285714;37,9;38,08095238;1261.0;30.0;;;Rosa;36.0;35.0
1612;06.03.2025;39,1;38,94054202;38,7;37,67190503;1305.0;32.0;;;Rosa;41.0;38.0
2246;13.02.2025;37,7;38,6;38,3;37,511;365.0;29.0;true;;Rosa;40.0;37.0
2246;14.02.2025;38,9;38,994;34,7;37,783;474.0;28.0;;;Rosa;40.0;24.0
2246;15.02.2025;39,1;39;37,8;37,415;525.0;28.0;;;Rosa;46.0;32.0
2246;16.02.2025;38,7;38,685;38;37,52;565.0;28.0;;;Rosa;36.0;35.0
2246;17.02.2025;39,1;39,075;37,2;38,075;608.0;33.0;true;;Rosa;47.0;47.0
2246;18.02.2025;39;39,005;34,8;36,3;632.0;30.0;;;Rosa;36.0;31.0
2246;19.02.2025;38,4;38,895;35,3;37,505;682.0;30.0;;;Rosa;46.0;34.0
2246;20.02.2025;39,4;39,31;38,5;38,805;703.0;31.0;;;Rosa;44.0;39.0
2246;21.02.2026;38,6;38,9;38,2;37,22;760.0;33.0;;;Rosa;37.0;36.0
2246;22.02.2027;38,7;38,61;37,9;37,2;798.0;31.0;;;Rosa;47.0;26.0
2246;23.02.2028;38,7;38,94;37,3;37,91;859.0;33.0;true;;Rosa;42.0;33.0
2246;24.02.2029;39,4;38,905;37,1;37,345;903.0;31.0;;;Rosa;38.0;40.0
2246;25.02.2030;39;38,905;36,8;36,275;945.0;31.0;;;Rosa;36.0;35.0
2246;26.02.2031;39,3;39,315;37,3;37,68;967.0;31.0;;;Rosa;32.0;32.0
2246;27.02.2032;39,4;38,89333333;38,4;37,17333333;1005.0;31.0;;;Rosa;41.0;43.0
2246;28.02.2033;39,2;38,9125;38,7;37,26875;1057.0;32.0;;;Rosa;46.0;39.0
2246;01.02.2025;38,9;38,91176471;37,7;37,29411765;1106.0;33.0;;;Rosa;33.0;44.0
2246;02.03.2025;38,2;38,87222222;37,6;37,31111111;1125.0;27.0;;;Rosa;39.0;44.0
2246;03.03.2025;39,2;38,88947368;37,7;37,33157895;1187.0;33.0;;;Rosa;46.0;41.0
2246;04.03.2025;39;38,895;37,4;37,335;1230.0;32.0;;;Rosa;44.0;41.0
2246;05.03.2025;39;38,9;37,3;37,33333333;1273.0;30.0;;;Rosa;34.0;36.0
2246;06.03.2025;39,5;38,92444257;37,7;37,40910592;1315.0;32.0;;;Rosa;34.0;34.0
2353;13.02.2025;38,6;38,6;37,6;37,511;417.0;29.0;;;Rosa;43.0;39.0
2353;14.02.2025;39,4;38,994;38,2;37,783;454.0;28.0;;;Rosa;33.0;40.0
2353;15.02.2025;39;38,1;38,1;37,415;488.0;28.0;true;;Rosa;39.0;37.0
2353;16.02.2025;38,6;38,685;37,4;37,52;542.0;28.0;;;Rosa;36.0;29.0
2353;17.02.2025;39;39,075;37,2;38,075;604.0;33.0;;?;Rosa;38.0;36.0
2353;18.02.2025;39,1;39,005;37,4;36,3;618.0;30.0;;;Rosa;40.0;48.0
2353;19.02.2025;38,9;38,895;35,7;37,505;681.0;30.0;;;Rosa;46.0;30.0
2353;20.02.2025;38,1;39,31;38,7;38,805;712.0;31.0;;;Rosa;37.0;40.0
2353;21.02.2026;38,9;38,9;37,7;37,22;771.0;33.0;;;Rosa;47.0;35.0
2353;22.02.2027;38,9;38,61;37,5;37,2;795.0;31.0;;;Rosa;37.0;30.0
2353;23.02.2028;38,8;38,94;37,8;37,91;850.0;33.0;;;Rosa;41.0;38.0
2353;24.02.2029;38,2;38,905;37,5;37,345;891.0;31.0;;;Rosa;40.0;41.0
2353;25.02.2030;39,3;38,905;36,9;36,275;932.0;31.0;;;Rosa;45.0;28.0
2353;26.02.2031;39,2;39,315;37,1;37,68;948.0;31.0;;;Rosa;41.0;37.0
2353;27.02.2032;39,4;38,89333333;38;37,52;1008.0;31.0;;;Rosa;44.0;36.0
2353;28.02.2033;39,2;38,9125;38,7;37,59375;1058.0;32.0;true;;Rosa;45.0;38.0
2353;01.03.2025;38,9;38,91176471;38,2;37,62941176;1089.0;33.0;;;Rosa;43.0;41.0
2353;02.03.2025;38,1;38,86666667;36,9;37,58823529;1113.0;27.0;;;Rosa;52.0;53.0
2353;03.03.2025;39;38,87368421;38,3;37,62631579;1181.0;33.0;;;Rosa;47.0;40.0
2353;04.03.2025;39;38,88;37,7;37,63;1213.0;32.0;;;Rosa;40.0;35.0
2353;05.03.2025;38,9;38,88095238;37,9;37,64285714;1271.0;30.0;;;Rosa;42.0;42.0
2353;06.03.2025;38,9;38,87894768;38;37,51307476;1298.0;32.0;;;Rosa;41.0;38.0
2360;13.02.2025;38,2;38,6;38,1;37,511;382.0;29.0;true;;Rosa;46.0;36.0
2360;14.02.2025;39,2;38,994;37;37,783;475.0;28.0;;;Rosa;38.0;32.0
2360;15.02.2025;39,1;39;37,4;37,415;519.0;28.0;;;Rosa;41.0;33.0
2360;16.02.2025;38,8;38,685;37,8;37,52;558.0;28.0;true;;Rosa;46.0;37.0
2360;17.02.2025;39,1;39,075;40,2;38,075;602.0;33.0;;;Rosa;39.0;36.0
2360;18.02.2025;38,9;39,005;36,2;36,3;625.0;30.0;;;Rosa;45.0;40.0
2360;19.02.2025;38,8;38,895;36,9;37,505;688.0;30.0;;;Rosa;44.0;43.0
2360;20.02.2025;39,2;39,31;39,5;38,805;720.0;31.0;;;Rosa;39.0;39.0
2360;21.02.2026;38,9;38,9;36,6;37,22;769.0;33.0;;;Rosa;58.0;30.0
2360;22.02.2027;38,9;38,61;37,2;37,2;792.0;31.0;;;Rosa;41.0;34.0
2360;23.02.2028;38,6;38,94;38,7;37,91;854.0;33.0;;;Rosa;37.0;40.0
2360;24.02.2029;38,9;38,905;37,3;37,345;896.0;31.0;;;Rosa;40.0;33.0
2360;25.02.2030;38,1;38,905;35,5;36,275;928.0;31.0;;true;Rosa;42.0;29.0
2360;26.02.2031;39;39,315;38;37,68;961.0;31.0;;;Rosa;41.0;29.0
2360;27.02.2032;39,2;38,86;37,8;37,61333333;1006.0;31.0;;;Rosa;40.0;36.0
2360;28.02.2033;39,2;38,88125;38,4;37,6625;1056.0;32.0;;;Rosa;35.0;48.0
2360;01.03.2025;39,1;38,2;37,2;37,63529412;1099.0;33.0;;;Rosa;43.0;38.0
2360;02.03.2025;37,9;38,87647059;36,4;37,56666667;1109.0;27.0;;;Rosa;41.0;33.0
2360;03.03.2025;39,2;38,85789474;37,2;37,54736842;1167.0;33.0;;;Rosa;48.0;34.0
2360;04.03.2025;39,2;38,875;35,7;37,455;1210.0;32.0;;;Rosa;37.0;38.0
2360;05.03.2025;39,2;38,89047619;36,7;37,41904762;1252.0;30.0;;true;Rosa;37.0;30.0
2360;06.03.2025;38,8;38,88476626;37,8;37,49729572;1312.0;32.0;;true;Rosa;44.0;42.0
2363;13.02.2025;38,9;38,6;37,7;37,511;388.0;29.0;;;Rosa;40.0;40.0
2363;14.02.2025;39;38,994;37,2;37,783;449.0;28.0;;;Rosa;14.0;43.0
2363;15.02.2025;38,2;39;36,4;37,415;489.0;28.0;;;Rosa;40.0;25.0
2363;16.02.2025;38,4;38,685;37,6;37,52;541.0;28.0;;;Rosa;42.0;27.0
2363;17.02.2025;38,7;39,075;37,4;38,075;591.0;33.0;;;Rosa;41.0;31.0
2363;18.02.2025;38,6;39,005;35,2;36,3;628.0;30.0;;;Rosa;42.0;28.0
2363;19.02.2025;38,4;38,895;35,6;37,505;687.0;30.0;;;Rosa;34.0;34.0
2363;20.02.2025;39,2;39,31;38,1;38,805;713.0;31.0;;;Rosa;38.0;31.0
2363;21.02.2026;38,9;38,9;36,1;37,22;761.0;33.0;;;Rosa;40.0;28.0
2363;22.02.2027;39,1;38,61;37,6;37,2;786.0;31.0;;;Rosa;44.0;41.0
2363;23.02.2028;39,2;38,94;36,9;37,91;853.0;33.0;;;Rosa;34.0;27.0
2363;24.02.2029;38,7;38,905;36,8;37,345;894.0;31.0;;;Rosa;44.0;29.0
2363;25.02.2030;38,9;38,905;35,5;36,275;936.0;31.0;;;Rosa;41.0;25.0
2363;26.02.2031;39,4;39,315;37,7;37,68;958.0;31.0;;;Rosa;39.0;32.0
2363;27.02.2032;39,2;38,85333333;37,5;36,88666667;1022.0;31.0;;;Rosa;38.0;36.0
2363;28.02.2033;39,2;38,875;37,7;36,9375;1048.0;32.0;;;Rosa;39.0;39.0
2363;01.03.2025;39,1;38,88823529;37,1;36,94705882;1090.0;33.0;;;Rosa;36.0;34.0
2363;02.03.2025;38;38,83888889;36,4;36,91666667;1116.0;27.0;;;Rosa;34.0;38.0
2363;03.03.2025;39,2;38,85789474;38,5;37;1179.0;33.0;;;Rosa;41.0;38.0
2363;04.03.2025;38,9;38,86;37,8;37,04;1225.0;32.0;;;Rosa;34.0;44.0
2363;05.03.2025;39;38,86666667;37,6;37,06666667;1262.0;30.0;;;Rosa;41.0;37.0
2363;06.03.2025;39,2;38,91328662;38,7;37,30183613;1300.0;32.0;;;Rosa;37.0;41.0
2367;13.02.2025;38,8;38,6;39,1;37,511;381.0;29.0;;;Rosa;39.0;35.0
2367;14.02.2025;38,8;38,994;38,2;37,783;470.0;28.0;;;Rosa;38.0;30.0
2367;15.02.2025;39,2;39;36,4;37,415;504.0;28.0;;;Rosa;38.0;30.0
2367;16.02.2025;38,8;38,685;38,5;37,52;555.0;28.0;;;Rosa;38.0;32.0
2367;17.02.2025;39;39,075;38,7;38,075;593.0;33.0;;;Rosa;39.0;40.0
2367;18.02.2025;38,9;39,005;38,2;36,3;636.0;30.0;;;Rosa;38.0;38.0
2367;19.02.2025;38,8;38,895;37,5;37,505;694.0;30.0;;;Rosa;48.0;40.0
2367;20.02.2025;39,3;39,31;38,9;38,805;716.0;31.0;;;Rosa;37.0;43.0
2367;21.02.2025;38,8;38,9;37,3;37,22;772.0;33.0;;;Rosa;39.0;33.0
2367;22.02.2025;40,2;38,61;38,9;37,2;794.0;31.0;;;Rosa;43.0;33.0
2367;23.02.2025;39,5;38,94;38,1;37,91;851.0;33.0;;;Rosa;43.0;32.0
2367;24.02.2025;39,2;38,905;36,9;37,345;892.0;31.0;;;Rosa;40.0;31.0
2367;25.02.2025;38,8;38,905;35,8;36,275;941.0;31.0;;;Rosa;41.0;29.0
2367;26.02.2025;39,2;39,315;37,6;37,68;954.0;31.0;;;Rosa;34.0;26.0
2367;27.02.2025;39,2;39,1;37,5;37,84;1018.0;31.0;;;Rosa;42.0;34.0
2367;28.02.2025;39,3;39,1125;36,9;37,78125;1050.0;32.0;;;Rosa;43.0;28.0
2367;01.03.2025;38,9;39,1;37,7;37,77647059;1082.0;33.0;;;Rosa;;
2367;02.03.2025;37,9;39,03333333;37;37,73333333;1117.0;27.0;;;Rosa;47.0;45.0
2367;03.03.2025;39,1;39,03684211;38,1;37,75263158;1171.0;33.0;;true;Rosa;43.0;26.0
2367;04.03.2025;39;39,035;36,8;37,705;1221.0;32.0;;;Rosa;45.0;30.0
2367;05.03.2025;38,8;39,02380952;38,1;37,72380952;1269.0;30.0;;;Rosa;39.0;38.0
2367;06.03.2025;38,9;38,98002309;38,9;37,564595;1306.0;;;;Rosa;39.0;30.0
2369;12.02.2025;39,1;39,1;37,6;36,56;330.0;31.0;;;Rosa;42.0;33.0
2369;13.02.2025;38,9;38,6;38;37,511;389.0;29.0;;;Rosa;41.0;39.0
2369;14.02.2025;38,6;38,994;37,5;37,783;460.0;28.0;;;Rosa;40.0;31.0
2369;15.02.2025;39;39;39,1;37,415;485.0;28.0;;;Rosa;43.0;36.0
2369;16.02.2025;38,8;38,685;37,1;37,52;552.0;28.0;;?;Rosa;41.0;36.0
2369;17.02.2025;39,1;39,075;37,5;38,075;607.0;33.0;true;;Rosa;48.0;35.0
2369;18.02.2025;39,3;39,005;35,6;36,3;637.0;30.0;;;Rosa;41.0;29.0
2369;19.02.2025;39;38,895;37,6;37,505;693.0;30.0;;;Rosa;34.0;36.0
2369;20.02.2025;39,6;39,31;38,9;38,805;709.0;31.0;;;Rosa;41.0;38.0
2369;21.02.2026;39,1;38,9;37,3;37,22;768.0;33.0;;;Rosa;32.0;30.0
2369;22.02.2027;39,1;38,61;36,7;37,2;782.0;31.0;;;Rosa;44.0;32.0
2369;23.02.2028;38,9;38,94;38,1;37,91;857.0;33.0;;;Rosa;43.0;31.0
2369;24.02.2029;39;38,905;37,5;37,345;885.0;31.0;;;Rosa;44.0;35.0
2369;25.02.2030;36,8;38,905;35,6;36,275;935.0;31.0;;;Rosa;45.0;33.0
2369;26.02.2031;39,4;39,315;36,9;37,68;956.0;31.0;;;Rosa;36.0;28.0
2369;27.02.2032;39,5;38,95;37,2;37,3875;1013.0;31.0;;;Rosa;39.0;37.0
2369;28.02.2033;39,4;38,97647059;37,6;37,3875;1053.0;32.0;;;Rosa;41.0;33.0
2369;01.03.2025;39,1;38,98333333;37,4;37,4;1102.0;33.0;;;Rosa;36.0;38.0
2369;02.03.2025;38,1;38,93684211;36,5;37,35263158;1118.0;27.0;;;Rosa;40.0;37.0
2369;03.03.2025;39,2;38,95;38,1;37,39;1176.0;33.0;;;Rosa;40.0;36.0
2369;04.03.2025;39,1;38,95714286;38,1;37,42380952;1219.0;32.0;;;Rosa;37.0;29.0
2369;05.03.2025;39,1;38,96363636;38,6;37,47727273;1270.0;30.0;;;Rosa;43.0;45.0
2369;06.03.2025;39,6;38,94554406;38;37,44584352;1311.0;32.0;;;Rosa;34.0;33.0
2371;12.02.2025;;39,1;;36,56;;31.0;;;Rosa;;
2371;13.02.2025;38,9;38,6;35,4;37,511;345.0;29.0;;;Rosa;54.0;38.0
2371;14.02.2025;39,2;38,994;37,3;37,783;463.0;28.0;;;Rosa;48.0;22.0
2371;15.02.2025;39,2;39;36,3;37,415;515.0;28.0;;;Rosa;45.0;31.0
2371;16.02.2025;38,7;38,685;37,4;37,52;546.0;28.0;;;Rosa;42.0;27.0
2371;17.02.2025;39,2;39,075;38,2;38,075;606.0;33.0;;;Rosa;41.0;29.0
2371;18.02.2025;39,1;39,005;33,3;36,3;626.0;30.0;;;Rosa;0.0;0.0
2371;19.02.2025;38,7;38,895;37,5;37,505;692.0;30.0;;;Rosa;41.0;31.0
2371;20.02.2025;39,6;39,31;39;38,805;721.0;31.0;;;Rosa;46.0;51.0
2371;21.02.2026;38,9;38,9;36,6;37,22;773.0;33.0;;;Rosa;41.0;32.0
2371;22.02.2027;39,1;38,61;36,7;37,2;797.0;31.0;;;Rosa;37.0;39.0
2371;23.02.2028;39;38,94;37,8;37,91;856.0;33.0;;;Rosa;42.0;33.0
2371;24.02.2029;39;38,905;37,5;37,345;897.0;31.0;;;Rosa;40.0;34.0
2371;25.02.2030;36,9;38,905;35,6;36,275;943.0;31.0;;;Rosa;42.0;23.0
2371;26.02.2031;39,2;39,315;37,5;37,68;965.0;31.0;;;Rosa;35.0;29.0
2371;27.02.2032;39,3;38,93333333;37,3;36,89333333;1025.0;31.0;;;Rosa;33.0;30.0
2371;28.02.2033;39,6;38,975;38,4;36,9875;1064.0;32.0;;;Rosa;47.0;38.0
2371;01.03.2025;39;38,97647059;38;37,04705882;1104.0;33.0;;;Rosa;45.0;37.0
2371;02.03.2025;38;38,92222222;37;37,04444444;1120.0;27.0;;;Rosa;41.0;30.0
2371;03.03.2025;39,1;38,93157895;38,1;37,1;1184.0;33.0;;;Rosa;36.0;37.0
2371;04.03.2025;39;38,935;37,7;37,13;1220.0;32.0;;;Rosa;39.0;35.0
2371;05.03.2025;38,5;38,91428571;37,6;37,15238095;1255.0;30.0;;;Rosa;40.0;34.0
2371;06.03.2025;38;38,93937575;37,6;37,32851036;1314.0;32.0;;;Rosa;38.0;36.0
2374;12.02.2025;38,8;39,1;37,4;36,56;334.0;31.0;true;;Rosa;41.0;33.0
2374;13.02.2025;38,8;38,6;37,1;37,511;341.0;29.0;;;Rosa;44.0;33.0
2374;14.02.2025;39,4;38,994;38,3;37,783;443.0;28.0;;;Rosa;43.0;35.0
2374;15.02.2025;38,9;39;37,1;37,415;492.0;28.0;;;Rosa;41.0;24.0
2374;16.02.2025;38,5;38,685;37,7;37,52;554.0;28.0;;;Rosa;46.0;36.0
2374;17.02.2025;38,9;39,075;38,4;38,075;615.0;33.0;;;Rosa;37.0;36.0
2374;18.02.2025;39;39,005;35,8;36,3;629.0;30.0;;;Rosa;40.0;28.0
2374;19.02.2025;39,7;38,895;38,5;37,505;691.0;30.0;;;Rosa;38.0;41.0
2374;20.02.2025;39,1;39,31;38,5;38,805;704.0;31.0;;;Rosa;36.0;38.0
2374;21.02.2026;38,9;38,9;36,6;37,22;765.0;33.0;;;Rosa;43.0;28.0
2374;22.02.2027;38,7;38,61;37,2;37,2;785.0;31.0;;;Rosa;64.0;41.0
2374;23.02.2028;38,9;38,94;38,1;37,91;842.0;33.0;;;Rosa;44.0;31.0
2374;24.02.2029;38,9;38,905;38;37,345;886.0;31.0;;;Rosa;45.0;33.0
2374;25.02.2030;38,6;38,905;35,3;36,275;931.0;31.0;;;Rosa;42.0;33.0
2374;26.02.2031;39,3;39,315;37,1;37,68;955.0;31.0;;;Rosa;39.0;38.0
2374;27.02.2032;39,5;38,949;38,8;97,406;987.0;31.0;;;Rosa;55.0;40.0
2374;28.02.2033;39,3;38,949;36,9;37,406;1052.0;32.0;;;Rosa;42.0;33.0
2374;01.03.2025;39,2;39,02222222;36,9;37,42777778;1096.0;33.0;;;Rosa;45.0;34.0
2374;02.03.2025;37,9;38,96315789;36,6;37,38421053;1132.0;27.0;;true;Rosa;46.0;37.0
2374;03.03.2025;40,7;39,05;38,2;37,425;1169.0;33.0;;;Rosa;45.0;27.0
2374;04.03.2025;39,1;39,05238095;37;37,4047619;1224.0;32.0;;;Rosa;40.0;32.0
2374;05.03.2025;39;39,05;37,2;37,39545455;1254.0;30.0;;;Rosa;44.0;40.0
2374;06.03.2025;39;38,96070291;36,8;40,30443832;1275.0;32.0;;true;Rosa;42.0;36.0
2378;13.02.2025;38,8;38,6;37,3;37,511;340.0;29.0;true;;Rosa;42.0;30.0
2378;14.02.2025;39,1;38,994;38,2;37,783;465.0;28.0;true;;Rosa;37.0;29.0
2378;15.02.2025;38,9;39;37,1;37,415;502.0;28.0;;;Rosa;42.0;35.0
2378;16.02.2025;38,9;38,685;37,4;37,52;548.0;28.0;true;;Rosa;44.0;29.0
2378;17.02.2025;39,2;39,075;38,1;38,075;613.0;33.0;;;Rosa;45.0;43.0
2378;18.02.2025;38,6;39,005;34;36,3;616.0;30.0;;;Rosa;36.0;34.0
2378;19.02.2025;38,1;38,895;37,5;37,505;684.0;30.0;;;Rosa;42.0;38.0
2378;20.02.2025;39,6;39,31;38,7;38,805;711.0;31.0;;;Rosa;45.0;36.0
2378;21.02.2026;38,8;38,9;37,6;37,22;767.0;33.0;;;Rosa;43.0;31.0
2378;22.02.2027;39,2;38,61;36,6;37,2;783.0;31.0;;;Rosa;40.0;28.0
2378;23.02.2028;39;38,94;37;37,91;843.0;33.0;;;Rosa;41.0;22.0
2378;24.02.2029;38,9;38,905;36,9;37,345;887.0;31.0;;;Rosa;41.0;26.0
2378;25.02.2030;38,6;38,905;36,2;36,275;933.0;31.0;;;Rosa;43.0;29.0
2378;26.02.2031;39,6;39,315;39,1;37,68;960.0;31.0;;;Rosa;34.0;36.0
2378;27.02.2032;39;38,95333333;37,6;37,28666667;1010.0;31.0;;;Rosa;41.0;31.0
2378;28.02.2033;39;38,95625;37;37,26875;1059.0;32.0;;;Rosa;45.0;31.0
2378;01.03.2025;39;38,95882353;37,8;37,3;1097.0;33.0;;;Rosa;38.0;42.0
2378;02.03.2025;38;38,90555556;36,2;37,23888889;1119.0;27.0;;;Rosa;45.0;33.0
2378;03.03.2025;38,9;38,90526316;37,9;37,27368421;1182.0;33.0;;;Rosa;32.0;29.0
2378;04.03.2025;39;38,91;37,9;37,305;1226.0;32.0;;;Rosa;41.0;33.0
2378;05.03.2025;38,6;38,8952381;37,1;37,2952381;1265.0;30.0;;;Rosa;41.0;31.0
2378;06.03.2025;39,1;38,93445065;38,5;37,40534418;1310.0;32.0;;;Rosa;41.0;37.0
2386;13.02.2025;35,6;38,6;37;37,511;338.0;29.0;;;Rosa;50.0;21.0
2386;14.02.2025;38,2;38,994;38,2;37,783;459.0;28.0;;;Rosa;41.0;32.0
2386;15.02.2025;39,1;39;37,3;37,415;512.0;28.0;;;Rosa;42.0;24.0
2386;16.02.2025;38,7;38,685;39,7;37,52;559.0;28.0;;;Rosa;44.0;40.0
2386;17.02.2025;38,9;39,075;38,2;38,075;601.0;33.0;;;Rosa;51.0;24.0
2386;18.02.2025;39,1;39,005;35,7;36,3;622.0;30.0;;;Rosa;34.0;22.0
2386;19.02.2025;38,7;38,895;37,6;37,505;699.0;30.0;;;Rosa;42.0;32.0
2386;20.02.2025;39,2;39,31;38,7;38,805;717.0;31.0;;;Rosa;37.0;32.0
2386;21.02.2026;38,7;38,9;36,9;37,22;775.0;33.0;;;Rosa;44.0;26.0
2386;22.02.2027;38,9;38,61;37,4;37,2;801.0;31.0;;;Rosa;38.0;28.0
2386;23.02.2028;39,2;38,94;37,9;37,91;862.0;33.0;;;Rosa;39.0;29.0
2386;24.02.2029;38,6;38,905;36,7;37,345;902.0;31.0;;;Rosa;41.0;33.0
2386;25.02.2030;39,2;38,905;37,2;36,275;946.0;31.0;;;Rosa;33.0;31.0
2386;26.02.2031;39,2;39,315;38,4;37,68;963.0;31.0;;;Rosa;41.0;32.0
2386;27.02.2032;38,9;39,1;38;37,406;1023.0;31.0;;;Rosa;38.0;38.0
2386;28.02.2033;38,9;38,958;38,9;37,406;1066.0;32.0;;;Rosa;39.0;36.0
2386;01.03.2025;38,9;38,70588235;34,6;37,56818182;1098.0;33.0;;;Rosa;39.0;30.0
2386;02.03.2025;38;38,66666667;36,8;37,51111111;1114.0;27.0;;;Rosa;45.0;43.0
2386;03.03.2025;38,9;38,67894737;38,3;37,55263158;1168.0;33.0;;;Rosa;39.0;27.0
2386;04.03.2025;38,9;38,69;37,7;37,56;1231.0;32.0;;;Rosa;42.0;39.0
2386;05.03.2025;38,8;38,6952381;37,9;37,57619048;1266.0;30.0;;;Rosa;47.0;35.0
2386;06.03.2025;38,8;38,88732069;37,4;37,48210071;1299.0;;;;Rosa;54.0;33.0
2391;12.02.2025;39,1;39,1;35,1;36,56;329.0;31.0;;;Rosa;41.0;27.0
2391;13.02.2025;39,2;38,6;38,6;37,511;387.0;29.0;;;Rosa;42.0;35.0
2391;14.02.2025;39,1;38,994;38,2;37,783;448.0;28.0;;;Rosa;39.0;33.0
2391;15.02.2025;39,1;39;37;37,415;486.0;28.0;;;Rosa;46.0;33.0
2391;16.02.2025;38,4;38,685;37,7;37,52;538.0;28.0;;;Rosa;43.0;43.0
2391;17.02.2025;38,9;39,075;38,4;38,075;592.0;33.0;;;Rosa;45.0;41.0
2391;18.02.2025;38,9;39,005;36,8;36,3;617.0;30.0;true;?;Rosa;37.0;38.0
2391;19.02.2025;39,1;38,895;37,4;37,505;689.0;30.0;true;;Rosa;41.0;39.0
2391;20.02.2025;39,7;39,31;39;38,805;702.0;31.0;true;;Rosa;41.0;40.0
2391;21.02.2026;39;38,9;38;37,22;758.0;33.0;true;;Rosa;42.0;38.0
2391;22.02.2027;39,3;38,61;35,4;37,2;781.0;31.0;;;Rosa;32.0;37.0
2391;23.02.2028;38,8;38,94;38,1;37,91;844.0;33.0;true;;Rosa;40.0;36.0
2391;24.02.2029;39;38,905;37,5;37,345;888.0;31.0;;;Rosa;36.0;38.0
2391;25.02.2030;39,3;38,905;36;36,275;930.0;31.0;;;Rosa;43.0;34.0
2391;26.02.2031;39,8;39,315;36,8;37,68;947.0;31.0;true;;Rosa;39.0;32.0
2391;27.02.2032;39,8;39,15625;39,2;37,45;1014.0;31.0;;;Rosa;38.0;44.0
2391;28.02.2033;39,2;39,15882353;37,7;37,46470588;1049.0;32.0;;;Rosa;43.0;48.0
2391;01.03.2025;39,1;39,15555556;37,8;37,48333333;1091.0;33.0;;;Rosa;40.0;36.0
2391;02.03.2025;37,9;39,08947368;36,5;37,43157895;1110.0;27.0;;;Rosa;46.0;37.0
2391;03.03.2025;39,2;39,095;37,6;37,44;1170.0;33.0;;;Rosa;43.0;31.0
2391;04.03.2025;39,5;39,115;38,6;37,4952381;1211.0;32.0;;;Rosa;40.0;37.0
2391;05.03.2025;39,1;39,11363636;38,9;37,55909091;1256.0;30.0;;;Rosa;37.0;42.0
2391;06.03.2025;39,6;39,00108282;38,6;37,46990225;1295.0;32.0;;;Rosa;46.0;39.0
2392;13.02.2025;39;38,6;37,6;37,511;348.0;29.0;;;Rosa;39.0;38.0
2392;14.02.2025;39,2;38,994;38,3;37,783;458.0;28.0;;;Rosa;34.0;35.0
2392;15.02.2025;39,3;39;37,9;37,415;491.0;28.0;;;Rosa;40.0;31.0
2392;16.02.2025;38,7;38,685;37,1;37,52;539.0;28.0;;;Rosa;41.0;30.0
2392;17.02.2025;39,2;39,075;36,9;38,075;603.0;33.0;;;Rosa;48.0;41.0
2392;18.02.2025;39,3;39,005;36,8;36,3;623.0;30.0;;;Rosa;46.0;34.0
2392;19.02.2025;39,2;38,895;36,2;37,505;685.0;30.0;;;Rosa;33.0;35.0
2392;20.02.2025;39,6;39,31;38,7;38,805;706.0;31.0;;;Rosa;45.0;34.0
2392;21.02.2026;39;38,9;36,7;37,22;763.0;33.0;;;Rosa;53.0;37.0
2392;22.02.2027;39;38,61;37,4;37,2;790.0;31.0;;;Rosa;37.0;36.0
2392;23.02.2028;38,5;38,94;38,1;37,91;845.0;33.0;;;Rosa;43.0;34.0
2392;24.02.2029;38,8;38,905;37,6;37,345;893.0;31.0;;;Rosa;45.0;24.0
2392;25.02.2030;38,9;38,905;37,6;36,275;934.0;31.0;;;Rosa;41.0;35.0
2392;26.02.2031;39,2;39,315;37,1;37,68;949.0;31.0;;;Rosa;36.0;41.0
2392;27.02.2032;39,1;39,06666667;38,4;37,49333333;1019.0;31.0;;;Rosa;39.0;36.0
2392;28.02.2033;40,3;39,14375;39,2;37,6;1051.0;32.0;;;Rosa;49.0;50.0
2392;01.03.2025;39;39,13529412;37,3;37,58235294;1088.0;33.0;;;Rosa;39.0;31.0
2392;02.03.2025;38;39,07222222;36,09;37,49944444;1115.0;27.0;;;Rosa;49.0;46.0
2392;03.03.2025;39,1;39,07368421;37,7;37,51;1173.0;33.0;;;Rosa;40.0;30.0
2392;04.03.2025;39,2;39,08;37,4;37,5045;1212.0;32.0;;;Rosa;38.0;38.0
2392;05.03.2025;39,5;39,1;38,7;37,56142857;1257.0;30.0;;;Rosa;44.0;36.0
2392;06.03.2025;39,2;38,99098177;38,2;37,49024092;1304.0;32.0;;;Rosa;46.0;39.0
2393;13.02.2025;38,9;38,6;36,1;37,511;440.0;29.0;;;Rosa;42.0;31.0
2393;14.02.2025;38,1;38,994;37,1;37,783;482.0;28.0;;;Rosa;41.0;33.0
2393;15.02.2025;39,3;39;35,3;37,415;528.0;28.0;;;Rosa;41.0;33.0
2393;16.02.2025;38,8;38,685;37,6;37,52;551.0;28.0;;;Rosa;51.0;47.0
2393;17.02.2025;39;39,075;37,8;38,075;598.0;33.0;true;;Rosa;0.0;0.0
2393;18.02.2025;39,3;39,005;39,5;36,3;627.0;30.0;;;Rosa;46.0;55.0
2393;19.02.2025;39,1;38,895;37,8;37,505;698.0;30.0;;;Rosa;43.0;33.0
2393;20.02.2025;39,4;39,31;38,8;38,805;722.0;31.0;;;Rosa;43.0;39.0
2393;21.02.2026;39,3;38,9;37,5;37,22;774.0;33.0;;;Rosa;46.0;30.0
2393;22.02.2027;40,9;38,61;38,5;37,2;796.0;31.0;;;Rosa;40.0;30.0
2393;23.02.2028;39,9;38,94;39,7;37,91;855.0;33.0;;;Rosa;40.0;33.0
2393;24.02.2029;39,3;38,905;37,6;37,345;901.0;31.0;;;Rosa;45.0;36.0
2393;25.02.2030;39,2;38,905;37,5;36,275;942.0;31.0;;;Rosa;37.0;31.0
2393;26.02.2031;39,4;39,315;38,6;37,68;962.0;31.0;;;Rosa;40.0;35.0
2393;27.02.2032;38,9;39,25333333;38,6;37,86666667;1021.0;31.0;;;Rosa;38.0;36.0
2393;28.02.2033;39;39,2375;38;37,875;1062.0;32.0;;;Rosa;39.0;48.0
2393;01.03.2025;38,9;39,21764706;36;37,76470588;1100.0;33.0;;true;Rosa;46.0;31.0
2393;02.03.2025;37,7;39,13333333;36,2;37,67777778;1108.0;27.0;;;Rosa;40.0;38.0
2393;03.03.2025;38,8;39,11578947;37,6;37,67368421;1166.0;33.0;;;Rosa;38.0;34.0
2393;04.03.2025;38,9;39,105;38,2;37,7;1218.0;32.0;;;Rosa;0.0;0.0
2393;05.03.2025;38,9;39,0952381;36,7;37,65238095;1251.0;30.0;;;Rosa;40.0;41.0
2393;06.03.2025;38,8;39,0141353;38,2;37,55972455;1308.0;32.0;;true;Rosa;42.0;35.0
2398;12.02.2025;;39,1;;36,56;;31.0;true;;Rosa;;
2398;13.02.2025;38,4;38,6;38,1;37,511;351.0;29.0;;;Rosa;41.0;30.0
2398;14.02.2025;39,1;38,994;38,3;37,783;446.0;28.0;true;;Rosa;44.0;33.0
2398;15.02.2025;39,1;39;38;37,415;509.0;28.0;true;;Rosa;39.0;29.0
2398;16.02.2025;39;38,685;36,9;37,52;529.0;28.0;  ;;Rosa;45.0;31.0
2398;17.02.2025;39,3;39,075;36,4;38,075;594.0;33.0;;?;Rosa;42.0;39.0
2398;18.02.2025;39,3;39,005;37;36,3;634.0;30.0;;;Rosa;39.0;27.0
2398;19.02.2025;38,8;38,895;37,8;37,505;686.0;30.0;;;Rosa;39.0;36.0
2398;20.02.2025;39,5;39,31;39,2;38,805;705.0;31.0;;;Rosa;46.0;43.0
2398;21.02.2025;38,9;38,9;36,2;37,22;762.0;33.0;;true;Rosa;42.0;39.0
2398;22.02.2025;38,9;38,61;37,3;37,2;789.0;31.0;;;Rosa;45.0;35.0
2398;23.02.2025;38,8;38,94;37,7;37,91;846.0;33.0;;;Rosa;43.0;31.0
2398;24.02.2025;38,9;38,905;37,7;37,345;890.0;31.0;;true;Rosa;42.0;34.0
2398;25.02.2025;38,7;38,905;37,1;36,275;937.0;31.0;;;Rosa;36.0;34.0
2398;26.02.2025;39,3;39,315;37,1;37,68;957.0;31.0;;;Rosa;42.0;28.0
2398;27.02.2025;39,4;39,02666667;37,5;37,48666667;1011.0;31.0;;;Rosa;42.0;32.0
2398;28.02.2025;39,3;39,04375;38,7;37,5625;1054.0;32.0;;;Rosa;0.0;4.0
2398;01.03.2025;39,1;39,04705882;37,7;37,57058824;1095.0;33.0;;;Rosa;40.0;41.0
2398;02.03.2025;37,8;38,97777778;37;37,53888889;1111.0;27.0;;;Rosa;46.0;43.0
2398;03.03.2025;39,5;39,00526316;38;37,56315789;1177.0;33.0;;;Rosa;39.0;30.0
2398;04.03.2025;39,2;39,015;38;37,585;1227.0;32.0;;;Rosa;37.0;39.0
2398;05.03.2025;38,9;39,00952381;37;37,55714286;1263.0;30.0;;;Rosa;44.0;40.0
2398;06.03.2025;39,5;38,9649543;34,8;37,49561641;1307.0;32.0;;;Rosa;40.0;30.0
2395;13.02.2025;38,3;38,6;37,9;37,511;392.0;29.0;;;Rosa;39.0;41.0
2395;14.02.2025;38,9;38,994;37,5;37,783;466.0;28.0;;;Rosa;39.0;29.0
2395;15.02.2025;38,8;39;37,6;37,415;499.0;28.0;;;Rosa;40.0;34.0
2395;16.02.2025;38,6;38,685;38,2;37,52;567.0;28.0;;;Rosa;37.0;32.0
2395;17.02.2025;38,8;39,075;38,2;38,075;612.0;33.0;;;Rosa;34.0;36.0
2395;18.02.2025;38,6;39,005;36,4;36,3;630.0;30.0;;;Rosa;39.0;26.0
2395;19.02.2025;38,9;38,895;37,6;37,505;700.0;30.0;;;Rosa;48.0;40.0
2395;20.02.2025;39,3;39,31;38,9;38,805;718.0;31.0;;;Rosa;0.0;0.0
2395;21.02.2025;39;38,9;38,4;37,22;779.0;33.0;;;Rosa;32.0;44.0
2395;22.02.2025;38,8;38,61;37,2;37,2;800.0;31.0;;;Rosa;34.0;37.0
2395;23.02.2025;38,7;38,94;37,3;37,91;861.0;33.0;;;Rosa;42.0;34.0
2395;24.02.2025;38,7;38,905;36,1;37,345;904.0;31.0;;;Rosa;32.0;25.0
2395;25.02.2025;38,9;38,905;35,5;36,275;944.0;31.0;;;Rosa;33.0;34.0
2395;26.02.2025;39,2;39,315;38,1;37,68;966.0;31.0;;;Rosa;41.0;35.0
2395;27.02.2025;39,2;38,84666667;37,5;37,49333333;1026.0;31.0;;;Rosa;45.0;34.0
2395;28.02.2025;39,1;38,8625;38,4;37,55;1065.0;32.0;;;Rosa;44.0;40.0
2395;01.03.2025;39,1;38,87647059;38,6;37,61176471;1103.0;33.0;;;Rosa;42.0;42.0
2395;02.03.2025;38;38,82777778;36,9;37,57222222;1121.0;27.0;;;Rosa;37.0;34.0
2395;03.03.2025;38,9;38,83157895;38,3;37,61052632;1183.0;33.0;;;Rosa;46.0;44.0
2395;04.03.2025;39,1;38,845;37,9;37,625;1229.0;32.0;;;Rosa;40.0;32.0
2395;05.03.2025;38,5;38,82857143;37,1;37,6;1272.0;30.0;;;Rosa;36.0;40.0
2395;06.03.2025;39,3;38,90750311;38,1;37,50508793;1313.0;32.0;;;Rosa;36.0;33.0
23103;12.02.2025;39,1;39,1;36,2;36,56;314.0;31.0;;;Rosa;42.0;32.0
23103;13.02.2025;39,1;38,6;38,7;37,511;384.0;29.0;true;;Rosa;40.0;32.0
23103;14.02.2025;39,5;38,994;38,7;37,783;450.0;28.0;true;;Rosa;38.0;29.0
23103;15.02.2025;38,8;39;37,4;37,415;508.0;28.0;;;Rosa;41.0;29.0
23103;16.02.2025;38,5;38,685;36,1;37,52;531.0;28.0;true;;Rosa;48.0;28.0
23103;17.02.2025;39,1;39,075;38;38,075;596.0;33.0;;;Rosa;46.0;41.0
23103;18.02.2025;39;39,005;36,3;36,3;621.0;30.0;;;Rosa;40.0;31.0
23103;19.02.2025;38,8;38,895;36.7;37,505;683.0;30.0;;;Rosa;49.0;43.0
23103;20.02.2025;39,2;39,31;38,6;38,805;701.0;31.0;;;Rosa;40.0;38.0
23103;21.02.2026;38,8;38,9;37,6;37,22;759.0;33.0;;;Rosa;41.0;34.0
23103;22.02.2027;38,9;38,61;36,2;37,2;780.0;31.0;;;Rosa;40.0;32.0
23103;23.02.2028;38,8;38,94;37,8;37,91;852.0;33.0;;true;Rosa;44.0;29.0
23103;24.02.2029;39,4;38,905;37,2;37,345;883.0;31.0;;;Rosa;42.0;34.0
23103;25.02.2030;38,5;38,905;36,1;36,275;929.0;31.0;;true;Rosa;40.0;29.0
23103;26.02.2031;39,1;39,315;36,9;37,68;953.0;31.0;;;Rosa;45.0;36.0
23103;27.02.2032;39,6;39,0125;37,9;37,31333333;1007.0;37.0;;;Rosa;41.0;32.0
23103;28.02.2033;39,4;39,03529412;38,4;37,38125;1047.0;32.0;;;Rosa;40.0;23.0
23103;01.03.2025;39,3;39,05;38,3;37,43529412;1087.0;33.0;;true;Rosa;42.0;37.0
23103;02.03.2025;37,2;38,95263158;35,2;37,31111111;1107.0;27.0;;;Rosa;;
23103;03.03.2025;39,3;38,97;36,4;37,26315789;1186.0;33.0;;;Rosa;15.0;33.0
23103;04.03.2025;39,1;38,97619048;37;37,25;1209.0;32.0;;;Rosa;48.0;47.0
23103;05.03.2025;38,9;38,97272727;37,3;37,25238095;1253.0;30.0;;true;Rosa;40.0;40.0
23103;06.03.2025;39,3;39,095;37,5;37,875;1297.0;32.0;;;Rosa;48.0;33.0
1301;13.02.2025;38,8;38,79;38,3;37,83;347.0;29.0;true;;Vermelho;42.0;32.0
1301;14.02.2025;38,9;38,86;37,6;37,39;445.0;28.0;;;Vermelho;37.0;31.0
1301;15.02.2025;39;38,98;37,3;36,83;487.0;28.0;true;;Vermelho;44.0;28.0
1301;16.02.2025;38,5;38,625;37,5;37,373;536.0;28.0;true;;Vermelho;43.0;34.0
1301;17.02.2025;38,8;39,15;36,3;37,775;573.0;33.0;;;Vermelho;47.0;36.0
1301;18.02.2025;38,6;38,75;37;35,725;642.0;30.0;;;Vermelho;43.0;37.0
1301;19.02.2025;39,1;38,96;37,6;36,82;663.0;30.0;;;Vermelho;37.0;38.0
1301;20.02.2025;39,1;39,142;36,7;37,984;723.0;31.0;;;Vermelho;43.0;35.0
1301;21.02.2025;38,6;39,005;37,5;37,473;748.0;33.0;;;Vermelho;42.0;34.0
1301;22.02.2025;39,1;38,91;38,1;37,51;808.0;31.0;;;Vermelho;39.0;35.0
1301;23.02.2025;38,8;38,747;36,9;37,11;826.0;33.0;;;Vermelho;41.0;25.0
1301;24.02.2025;39;38,942;37,2;37,026;866.0;31.0;;;Vermelho;38.0;41.0
1301;25.02.2025;39,1;38,894;37,3;36,742;907.0;31.0;;;Vermelho;38.0;26.0
1301;26.02.2025;39,4;39,163;39,9;37,915;972.0;31.0;;;Vermelho;39.0;43.0
1301;27.02.2025;39,6;38,96;39,8;37,66666667;992.0;31.0;;;Vermelho;39.0;38.0
1301;28.02.2025;39,4;38,9875;38,5;37,71875;1029.0;32.0;;;Vermelho;50.0;46.0
1301;01.03.2025;39,1;38,99411765;37,5;38,3;1069.0;33.0;;;Vermelho;43.0;41.0
1301;02.03.2025;37,7;38,92222222;36;37,61111111;1129.0;27.0;;true;Vermelho;35.0;38.0
1301;03.03.2025;39,1;38,93157895;38,3;37,64736842;1153.0;33.0;;;Vermelho;45.0;42.0
1301;04.03.2025;39,3;38,95;38;37,665;1194.0;32.0;;true;Vermelho;44.0;42.0
1301;05.03.2025;39;38,95238095;38;37,68095238;1236.0;30.0;;;Vermelho;43.0;38.0
1301;06.03.2025;39,1;39,057;37,9;37,81;1279.0;32.0;;;Vermelho;37.0;31.0
1308;13.02.2025;38,8;38,79;37,8;37,83;424.0;29.0;;;Vermelho;35.0;28.0
1308;14.02.2025;38,2;38,86;36,5;37,39;481.0;28.0;;;Vermelho;40.0;27.0
1308;15.02.2025;38,9;38,98;36,2;36,83;517.0;28.0;;;Vermelho;44.0;26.0
1308;16.02.2025;38,4;38,625;37,1;37,373;561.0;28.0;;;Vermelho;42.0;31.0
1308;17.02.2025;39;39,15;38,5;37,775;586.0;33.0;;;Vermelho;36.0;39.0
1308;18.02.2025;38,8;38,75;36,8;35,725;643.0;30.0;;;Vermelho;42.0;35.0
1308;19.02.2025;38,9;38,96;37,8;36,82;670.0;30.0;;;Vermelho;43.0;35.0
1308;20.02.2025;39,3;39,142;37,9;37,984;732.0;31.0;true;;Vermelho;42.0;36.0
1308;21.02.2025;38,9;39,005;37,4;37,473;754.0;33.0;;;Vermelho;46.0;31.0
1308;22.02.2025;38,6;38,91;37,8;37,51;813.0;31.0;;;Vermelho;33.0;25.0
1308;23.02.2025;39,3;38,747;38,3;37,11;830.0;33.0;;;Vermelho;36.0;30.0
1308;24.02.2025;36,6;38,942;37,2;37,026;881.0;31.0;;;Vermelho;43.0;26.0
1308;25.02.2025;38,8;38,894;36,9;36,742;920.0;31.0;;;Vermelho;36.0;31.0
1308;26.02.2025;38,8;39,163;37,9;37,915;980.0;31.0;;;Vermelho;44.0;35.0
1308;27.02.2025;39,1;38,69333333;38,6;37,51333333;999.0;31.0;;;Vermelho;40.0;38.0
1308;28.02.2025;39,1;38,71875;37,8;37,53125;1039.0;32.0;;;Vermelho;44.0;35.0
1308;01.03.2025;39;38,73529412;38,1;37,56470588;1079.0;33.0;;;Vermelho;36.0;32.0
1308;02.03.2025;38,2;38,70555556;37,1;37,53888889;1138.0;27.0;;;Vermelho;;
1308;03.03.2025;39;38,72105263;37,9;37,55789474;1159.0;33.0;;;Vermelho;43.0;29.0
1308;04.03.2025;38,9;38,73;38,6;37,61;1205.0;32.0;;;Vermelho;43.0;25.0
1308;05.03.2025;38,7;38,72857143;37,2;37,59047619;1234.0;30.0;;;Vermelho;33.0;19.0
1308;06.03.2025;39;39,057;38,9;37,81;1286.0;32.0;;;Vermelho;43.0;42.0
1542;12.02.2025;38,9;39,233;37,9;37,7;333.0;31.0;;;Vermelho;39.0;29.0
1542;13.02.2025;38,9;38,79;38;37,83;383.0;29.0;true;;Vermelho;43.0;32.0
1542;14.02.2025;39;38,86;38,3;37,39;467.0;28.0;true;;Vermelho;40.0;35.0
1542;15.02.2025;38,9;38,98;36,6;36,83;505.0;28.0;;;Vermelho;41.0;33.0
1542;16.02.2025;38,7;38,625;37,7;37,373;550.0;28.0;;;Vermelho;41.0;24.0
1542;17.02.2025;39,2;39,15;38,1;37,775;578.0;33.0;;;Vermelho;39.0;36.0
1542;18.02.2025;38,9;38,75;36,1;35,725;647.0;30.0;;;Vermelho;0.0;0.0
1542;19.02.2025;38,7;38,96;37;36,82;667.0;30.0;;;Vermelho;44.0;37.0
1542;20.02.2025;39,2;39,142;37,9;37,984;730.0;31.0;;;Vermelho;48.0;43.0
1542;21.02.2025;38,9;39,005;38;37,473;747.0;33.0;;;Vermelho;47.0;31.0
1542;22.02.2025;38,7;38,91;37;37,51;804.0;31.0;;;Vermelho;42.0;22.0
1542;23.02.2025;38,3;38,747;36,9;37,11;823.0;33.0;;;Vermelho;34.0;39.0
1542;24.02.2025;38,8;38,942;37,3;37,026;868.0;31.0;;;Vermelho;39.0;35.0
1542;25.02.2025;39;38,894;37,5;36,742;908.0;31.0;;;Vermelho;39.0;29.0
1542;26.02.2025;39,1;39,163;37,1;37,915;982.0;31.0;;;Vermelho;37.0;25.0
1542;27.02.2025;39;38,8875;38,8;37,5125;997.0;31.0;;;Vermelho;43.0;37.0
1542;28.02.2025;39;38,89411765;38,3;37,55882353;1034.0;32.0;;;Vermelho;43.0;36.0
1542;01.03.2025;39,1;38,90555556;37,5;37,55555556;1070.0;33.0;;;Vermelho;46.0;35.0
1542;02.03.2025;38,1;38,86315789;37;37,52631579;1130.0;27.0;;;Vermelho;46.0;43.0
1542;03.03.2025;39,4;38,89;38,9;37,595;1156.0;33.0;;;Vermelho;45.0;26.0
1542;04.03.2025;39;38,8952381;38,1;37,61904762;1198.0;32.0;;;Vermelho;38.0;34.0
1542;05.03.2025;39,1;38,90454545;38,2;37,64545455;1244.0;30.0;;;Vermelho;42.0;35.0
1542;06.03.2025;38,9;39,057;38;37,81;1276.0;32.0;;;Vermelho;43.0;33.0
1570;12.02.2025;;39,233;;37,7;;31.0;true;;Vermelho;;
1570;13.02.2025;39;38,79;37,9;37,83;372.0;29.0;;;Vermelho;41.0;37.0
1570;14.02.2025;38,9;38,86;36,1;37,39;477.0;28.0;;;Vermelho;40.0;28.0
1570;15.02.2025;39,2;38,98;37,3;36,83;524.0;28.0;true;;Vermelho;39.0;29.0
1570;16.02.2025;38,9;38,625;37,5;37,373;544.0;28.0;;;Vermelho;42.0;36.0
1570;17.02.2025;39,2;39,15;39,3;37,775;583.0;33.0;;;Vermelho;44.0;46.0
1570;18.02.2025;39;38,75;35,7;35,725;655.0;30.0;;;Vermelho;38.0;33.0
1570;19.02.2025;39,1;38,96;37,5;36,82;678.0;30.0;true;;Vermelho;44.0;35.0
1570;20.02.2025;39,5;39,142;38,2;37,984;728.0;31.0;;;Vermelho;40.0;39.0
1570;21.02.2025;39;39,005;38,6;37,473;749.0;33.0;;;Vermelho;37.0;30.0
1570;22.02.2025;38,9;38,91;37,7;37,51;814.0;31.0;;;Vermelho;41.0;27.0
1570;23.02.2025;39,2;38,747;36,5;37,11;828.0;33.0;;;Vermelho;32.0;23.0
1570;24.02.2025;39,2;38,942;37,8;37,026;871.0;31.0;;;Vermelho;40.0;38.0
1570;25.02.2025;39,1;38,894;38,6;36,742;905.0;31.0;true;;Vermelho;42.0;42.0
1570;26.02.2025;40,3;39,163;39;37,915;976.0;31.0;true;;Vermelho;41.0;35.0
1570;27.02.2025;39,3;39,18666667;39,3;37,8;991.0;31.0;;;Vermelho;37.0;34.0
1570;28.02.2025;39;39,175;37,5;37,78125;1042.0;32.0;;;Vermelho;45.0;36.0
1570;01.03.2025;39,4;39,18823529;37,8;37,78235294;1068.0;33.0;;;Vermelho;40.0;31.0
1570;02.03.2025;38,4;39,14444444;36,9;37,73333333;1131.0;27.0;;;Vermelho;57.0;34.0
1570;03.03.2025;39,2;39,14736842;38,2;37,75789474;1148.0;33.0;;;Vermelho;39.0;36.0
1570;04.03.2025;39,4;39,16;38;37,77;1191.0;32.0;;;Vermelho;39.0;33.0
1570;05.03.2025;39,2;39,16190476;37,2;37,74285714;1233.0;30.0;;;Vermelho;39.0;31.0
1570;06.03.2025;39;39,057;37,7;37,81;1280.0;32.0;;;Vermelho;33.0;31.0
1604;12.02.2025;39,9;39,233;37,8;37,7;323.0;31.0;;;Vermelho;42.0;26.0
1604;13.02.2025;39,1;38,79;38;37,83;370.0;29.0;;;Vermelho;45.0;38.0
1604;14.02.2025;39;38,86;37,6;37,39;452.0;28.0;;;Vermelho;43.0;33.0
1604;15.02.2025;39;38,98;37,6;36,83;496.0;28.0;;;Vermelho;41.0;31.0
1604;16.02.2025;38,6;38,625;37,5;37,373;556.0;28.0;;;Vermelho;43.0;37.0
1604;17.02.2025;39,1;39,15;36,6;37,775;589.0;33.0;;;Vermelho;39.0;31.0
1604;18.02.2025;38,9;38,75;35,7;35,725;650.0;30.0;;;Vermelho;0.0;0.0
1604;19.02.2025;39,2;38,96;37,1;36,82;677.0;30.0;;;Vermelho;41.0;37.0
1604;20.02.2025;39,4;39,142;38,9;37,984;737.0;31.0;;;Vermelho;43.0;38.0
1604;21.02.2025;38,9;39,005;37,3;37,473;753.0;33.0;;;Vermelho;40.0;31.0
1604;22.02.2025;39,1;38,91;38,3;37,51;805.0;31.0;;;Vermelho;40.0;34.0
1604;23.02.2025;38,7;38,747;37,6;37,11;838.0;33.0;;;Vermelho;43.0;31.0
1604;24.02.2025;39,1;38,942;37,3;37,026;880.0;31.0;;;Vermelho;46.0;28.0
1604;25.02.2025;39,4;38,894;36,8;36,742;925.0;31.0;;;Vermelho;40.0;30.0
1604;26.02.2025;39,1;39,163;37,7;37,915;975.0;31.0;;;Vermelho;45.0;33.0
1604;27.02.2025;39,4;39,11875;38,7;37,53125;993.0;31.0;;;Vermelho;44.0;38.0
1604;28.02.2025;39,1;39,11764706;37,7;37,54117647;1035.0;32.0;;;Vermelho;42.0;38.0
1604;01.03.2025;39,1;39,11666667;37,5;37,53888889;1071.0;33.0;;;Vermelho;43.0;34.0
1604;02.03.2025;38,5;39,08421053;37,3;37,52631579;1141.0;27.0;;;Vermelho;40.0;32.0
1604;03.03.2025;39,2;39,09;37,6;37,53;1152.0;33.0;;;Vermelho;47.0;41.0
1604;04.03.2025;39,3;39,1;37;37,5047619;1188.0;32.0;;;Vermelho;42.0;29.0
1604;05.03.2025;38,9;39,09090909;37,7;37,51363636;1243.0;30.0;;;Vermelho;44.0;36.0
1604;06.03.2025;38;39,057;38,3;37,81;1291.0;32.0;;;Vermelho;38.0;34.0
1608;13.02.2025;38,8;38,79;37,7;37,83;346.0;29.0;;;Vermelho;38.0;27.0
1608;14.02.2025;39,4;38,86;38,5;37,39;442.0;28.0;;;Vermelho;38.0;35.0
1608;15.02.2025;39;38,98;36,2;36,83;513.0;28.0;;;Vermelho;35.0;28.0
1608;16.02.2025;38,7;38,625;37,8;37,373;540.0;28.0;;;Vermelho;37.0;29.0
1608;17.02.2025;39,2;39,15;37;37,775;571.0;33.0;;;Vermelho;39.0;39.0
1608;18.02.2025;39;38,75;35,8;35,725;654.0;30.0;;;Vermelho;0.0;0.0
1608;19.02.2025;39,1;38,96;36,7;36,82;664.0;30.0;true;;Vermelho;43.0;33.0
1608;20.02.2025;39,1;39,142;37,9;37,984;738.0;31.0;;;Vermelho;34.0;35.0
1608;21.02.2025;39;39,005;37;37,473;742.0;33.0;;;Vermelho;36.0;31.0
1608;22.02.2025;39;38,91;36,2;37,51;803.0;31.0;;;Vermelho;41.0;35.0
1608;23.02.2025;39;38,747;36,4;37,11;840.0;33.0;;;Vermelho;41.0;33.0
1608;24.02.2025;39;38,942;36,3;37,026;863.0;31.0;true;;Vermelho;41.0;40.0
1608;25.02.2025;39;38,894;37,9;36,742;913.0;31.0;true;;Vermelho;41.0;32.0
1608;26.02.2025;39,2;39,163;37,7;37,915;981.0;31.0;;;Vermelho;40.0;34.0
1608;27.02.2025;39,4;39,06;39,4;37,23333333;989.0;31.0;;;Vermelho;41.0;40.0
1608;28.02.2025;39,4;39,08125;37,6;37,25625;1044.0;32.0;;;Vermelho;49.0;44.0
1608;01.03.2025;39;39,07647059;38;37,3;1082.0;33.0;;true;Vermelho;43.0;40.0
1608;02.03.2025;38,2,;39,07647059;37,1;37,28888889;1138.0;27.0;;true;Vermelho;39.0;43.0
1608;03.03.2025;39,2;39,08333333;37,5;37,3;1161.0;33.0;;;Vermelho;44.0;46.0
1608;04.03.2025;39;39,07894737;38;37,335;1206.0;32.0;;;Vermelho;41.0;42.0
1608;05.03.2025;39;39,075;38,4;37,38571429;1242.0;30.0;;;Vermelho;42.0;44.0
1608;06.03.2025;39,1;39,057;36,2;37,81;1284.0;32.0;;;Vermelho;44.0;31.0
1611;13.02.2025;38,7;38,79;38;37,83;361.0;29.0;;;Vermelho;41.0;30.0
1611;14.02.2025;39,5;38,86;38,2;37,39;447.0;28.0;true;;Vermelho;41.0;33.0
1611;15.02.2025;39;38,98;37,5;36,83;500.0;28.0;true;;Vermelho;44.0;31.0
1611;16.02.2025;38,6;38,625;36,9;37,373;532.0;28.0;true;;Vermelho;48.0;36.0
1611;17.02.2025;39,7;39,15;38,1;37,775;572.0;33.0;;;Vermelho;40.0;30.0
1611;18.02.2025;39,4;38,75;37,3;35,725;689.0;30.0;;;Vermelho;;
1611;19.02.2025;39,3;38,96;38;36,82;674.0;30.0;;;Vermelho;39.0;38.0
1615;13.02.2025;38,6;38,79;37,9;37,83;430.0;29.0;;;Vermelho;42.0;29.0
1615;14.02.2025;38,7;38,86;37,5;37,39;472.0;28.0;;;Vermelho;40.0;32.0
1615;15.02.2025;39,3;38,98;37,8;36,83;527.0;28.0;;;Vermelho;42.0;38.0
1615;16.02.2025;39,1;38,625;38,8;37,373;569.0;28.0;;;Vermelho;39.0;47.0
1615;17.02.2025;39,2;39,15;39,2;37,775;590.0;33.0;;;Vermelho;38.0;38.0
1615;18.02.2025;39,1;38,75;37,3;35,725;646.0;30.0;;;Vermelho;0.0;0.0
1615;19.02.2025;39,5;38,96;37,8;36,82;669.0;30.0;;true;Vermelho;39.0;36.0
1615;20.02.2025;39,3;39,142;38,6;37,984;735.0;31.0;;;Vermelho;35.0;41.0
1615;21.02.2025;39,3;39,005;38,1;37,473;756.0;33.0;;;Vermelho;38.0;31.0
1615;22.02.2025;39,2;38,91;37,6;37,51;818.0;31.0;;;Vermelho;40.0;30.0
1615;23.02.2025;39;38,747;37,9;37,11;841.0;33.0;;;Vermelho;39.0;27.0
1615;24.02.2025;39,5;38,942;36,3;37,026;875.0;31.0;;;Vermelho;44.0;33.0
1615;25.02.2025;39,3;38,894;35,2;36,742;923.0;31.0;;;Vermelho;48.0;20.0
1615;26.02.2025;39,4;39,163;38,2;37,915;986.0;31.0;;;Vermelho;41.0;41.0
1615;27.02.2025;39,1;39,17333333;38,3;37,76666667;1004.0;31.0;;;Vermelho;46.0;34.0
1615;28.02.2025;39,3;39,18125;38,4;37,80625;1046.0;32.0;;;Vermelho;42.0;41.0
1615;01.03.2025;39,2;39,18235294;38,2;37,82941176;1085.0;33.0;;;Vermelho;33.0;40.0
1615;02.03.2025;38,4;39,13888889;37,2;37,79444444;1144.0;27.0;;true;Vermelho;0.0;0.0
1615;03.03.2025;39,1;39,13684211;38,2;37,81578947;1160.0;33.0;;;Vermelho;36.0;41.0
1615;04.03.2025;39,3;39,145;37,6;37,805;1202.0;32.0;;true;Vermelho;0.0;0.0
1615;05.03.2025;38,9;39,13333333;38,5;37,83809524;1250.0;30.0;;;Vermelho;41.0;47.0
1615;06.03.2025;39,2;39,057;39,4;37,81;1287.0;32.0;;;Vermelho;43.0;37.0
1616;13.02.2025;38,6;38,79;36,9;37,83;433.0;29.0;;;Vermelho;44.0;23.0
1616;14.02.2025;38,6;38,86;35,6;37,39;473.0;28.0;;;Vermelho;36.0;24.0
1616;15.02.2025;38,8;38,98;38,9;36,83;523.0;28.0;;;Vermelho;43.0;33.0
1616;16.02.2025;38,9;38,625;37,5;37,373;545.0;28.0;;;Vermelho;37.0;31.0
1616;17.02.2025;39,3;39,15;39,4;37,775;577.0;33.0;;;Vermelho;41.0;33.0
1616;18.02.2025;38,1;38,75;37,5;35,725;660.0;30.0;true;;Vermelho;40.0;39.0
1616;19.02.2025;39,1;38,96;37,6;36,82;671.0;30.0;true;;Vermelho;43.0;36.0
1616;20.02.2025;39;39,142;37,4;37,984;740.0;31.0;true;;Vermelho;43.0;34.0
1616;21.02.2025;38,9;39,005;37,6;37,473;744.0;33.0;true;;Vermelho;39.0;30.0
1616;22.02.2025;38,7;38,91;37,9;37,51;810.0;31.0;;;Vermelho;39.0;25.0
1616;23.02.2025;38,6;38,747;37,5;37,11;839.0;33.0;;true;Vermelho;38.0;38.0
1616;24.02.2025;39;38,942;37,5;37,026;876.0;31.0;;;Vermelho;42.0;32.0
1616;25.02.2025;38,8;38,894;36,1;36,742;927.0;31.0;;;Vermelho;41.0;30.0
1616;26.02.2025;38,9;39,163;38,9;37,915;984.0;31.0;true;;Vermelho;35.0;35.0
1616;27.02.2025;38,8;38,80666667;37,7;37,6;1024.0;31.0;;;Vermelho;35.0;42.0
1616;28.02.2025;38,8;38,80625;38;37,625;1043.0;32.0;true;;Vermelho;51.0;48.0
1616;01.03.2025;39;38,81764706;37,9;37,64117647;1081.0;33.0;;;Vermelho;43.0;43.0
1616;02.03.2025;37,9;38,76666667;37,9;37,65555556;1137.0;27.0;;;Vermelho;44.0;40.0
1616;03.03.2025;38,8;38,76842105;38,5;37,7;1158.0;33.0;;;Vermelho;39.0;36.0
1616;04.03.2025;39,1;38,785;38,5;37,74;1207.0;32.0;;;Vermelho;39.0;36.0
1616;05.03.2025;39,2;38,8047619;37,2;37,71428571;1232.0;30.0;;;Vermelho;45.0;39.0
1616;06.03.2025;39;39,057;38,1;37,81;1288.0;32.0;;;Vermelho;35.0;34.0
2021;12.02.2025;38,9;39,233;37,4;37,7;335.0;31.0;;;Vermelho;45.0;28.0
2021;13.02.2025;38,6;38,79;39,2;37,83;359.0;29.0;;;Vermelho;45.0;32.0
2021;14.02.2025;38,7;38,86;38,5;37,39;461.0;28.0;;;Vermelho;37.0;37.0
2021;15.02.2025;38,7;38,98;36,6;36,83;501.0;28.0;;;Vermelho;44.0;32.0
2021;16.02.2025;38,4;38,625;36,9;37,373;553.0;28.0;;;Vermelho;39.0;31.0
2021;17.02.2025;39;39,15;38,3;37,775;587.0;33.0;;;Vermelho;42.0;36.0
2021;18.02.2025;38,9;38,75;36,9;35,725;638.0;30.0;;;Vermelho;46.0;28.0
2021;19.02.2025;38,7;38,96;36,1;36,82;665.0;30.0;;;Vermelho;41.0;35.0
2021;20.02.2025;37,7;39,142;37,7;37,984;726.0;31.0;;?;Vermelho;41.0;27.0
2021;21.02.2025;38,9;39,005;37,4;37,473;750.0;33.0;;true;Vermelho;40.0;30.0
2021;22.02.2025;38,9;38,91;37,4;37,51;802.0;31.0;;;Vermelho;39.0;28.0
2021;23.02.2025;38,6;38,747;37,9;37,11;836.0;33.0;true;;Vermelho;40.0;30.0
2021;24.02.2025;39,2;38,942;37,5;37,026;867.0;31.0;;;Vermelho;46.0;34.0
2021;25.02.2025;38,9;38,894;36,4;36,742;909.0;31.0;;;Vermelho;38.0;34.0
2021;26.02.2025;39;39,163;37,9;37,915;971.0;31.0;;;Vermelho;40.0;40.0
2021;27.02.2025;39;38,75625;39;37,56875;996.0;31.0;;;Vermelho;37.0;41.0
2021;28.02.2025;39,1;38,77647059;39,2;37,66470588;1032.0;32.0;;;Vermelho;49.0;36.0
2021;01.03.2025;39,2;38,8;38,2;37,69444444;1084.0;33.0;;true;Vermelho;39.0;32.0
2021;02.03.2025;37,2;38,71578947;36,8;37,64736842;1143.0;27.0;;;Vermelho;38.0;33.0
2021;03.03.2025;39,3;38,745;38,3;37,68;1146.0;33.0;;;Vermelho;42.0;41.0
2021;04.03.2025;39,1;38,76190476;37,9;37,69047619;1197.0;32.0;;;Vermelho;38.0;40.0
2021;05.03.2025;38,8;38,76363636;37,5;37,68181818;1241.0;30.0;;;Vermelho;38.0;38.0
2021;06.03.2025;38,9;39,057;37,2;37,81;1285.0;32.0;;;Vermelho;51.0;40.0
2026;13.02.2025;39,9;38,79;37;37,83;432.0;29.0;true;;Vermelho;40.0;28.0
2026;14.02.2025;38,5;38,86;35,8;37,39;471.0;28.0;true;;Vermelho;39.0;34.0
2026;15.02.2025;38,9;38,98;37,6;36,83;493.0;28.0;true;;Vermelho;35.0;24.0
2026;16.02.2025;38,8;38,625;37,6;37,373;568.0;28.0;;;Vermelho;38.0;31.0
2026;17.02.2025;38,9;39,15;37;37,775;575.0;33.0;;;Vermelho;40.0;31.0
2026;18.02.2025;38,3;38,75;35,1;35,725;651.0;30.0;;;Vermelho;39.0;35.0
2026;19.02.2025;38,5;38,96;36,3;36,82;672.0;30.0;;;Vermelho;36.0;41.0
2026;20.02.2025;38,1;39,142;39,6;37,984;710.0;31.0;;;Vermelho;48.0;41.0
2026;21.02.2025;40,2;39,005;39,1;37,473;746.0;33.0;;;Vermelho;38.0;38.0
2026;22.02.2025;39,8;38,91;38,9;37,51;806.0;31.0;;;Vermelho;39.0;36.0
2026;23.02.2025;38,7;38,747;37,9;37,11;835.0;33.0;true;;Vermelho;38.0;34.0
2026;24.02.2025;38,9;38,942;36,9;37,026;873.0;31.0;true;;Vermelho;41.0;45.0
2026;25.02.2025;38,9;38,894;36,9;36,742;918.0;31.0;;;Vermelho;46.0;29.0
2026;26.02.2025;39,2;39,163;38;37,915;974.0;31.0;;;Vermelho;37.0;37.0
2026;27.02.2025;39,3;38,99333333;38,5;37,48;1015.0;31.0;;;Vermelho;38.0;38.0
2026;28.02.2025;39;38,99375;38,7;37,55625;1033.0;32.0;;;Vermelho;46.0;52.0
2026;01.03.2025;39;38,99411765;38;37,58235294;1080.0;33.0;;;Vermelho;43.0;40.0
2026;02.03.2025;38,3;38,96842105;35;37,43888889;1127.0;27.0;;;Vermelho;46.0;37.0
2026;03.03.2025;39,2;38,96842105;38;37,46842105;1151.0;33.0;;;Vermelho;38.0;37.0
2026;04.03.2025;39;38,97;38,1;37,5;1203.0;32.0;;;Vermelho;45.0;38.0
2026;05.03.2025;38,7;38,95714286;37,6;37,5047619;1246.0;30.0;;;Vermelho;36.0;36.0
2026;06.03.2025;39,2;39,057;37,8;37,81;1277.0;32.0;;;Vermelho;36.0;40.0
2033;13.02.2025;38,5;38,79;36,6;37,83;343.0;29.0;;;Vermelho;52.0;41.0
2033;14.02.2025;39;38,86;37;37,39;444.0;28.0;;;Vermelho;38.0;30.0
2033;15.02.2025;38,7;38,98;37,3;36,83;494.0;28.0;;;Vermelho;36.0;35.0
2033;16.02.2025;38,6;38,625;38,4;37,373;537.0;28.0;;;Vermelho;40.0;35.0
2033;17.02.2025;39;39,15;37,3;37,775;584.0;33.0;true;;Vermelho;43.0;34.0
2033;18.02.2025;38,3;38,75;36,1;35,725;641.0;30.0;;;Vermelho;40.0;42.0
2033;19.02.2025;38,3;38,96;36,3;36,82;666.0;30.0;;;Vermelho;42.0;36.0
2033;20.02.2025;38,9;39,142;37,5;37,984;725.0;31.0;;;Vermelho;42.0;40.0
2033;21.02.2025;38,6;39,005;37,7;37,473;745.0;33.0;;?;Vermelho;38.0;34.0
2033;22.02.2025;38,5;38,91;37,3;37,51;812.0;31.0;;;Vermelho;41.0;29.0
2033;23.02.2025;38,6;38,747;37,3;37,11;833.0;33.0;true;;Vermelho;45.0;16.0
2033;24.02.2025;38,7;38,942;37,3;37,026;870.0;31.0;;;Vermelho;38.0;37.0
2033;25.02.2025;38,6;38,894;36,4;36,742;916.0;31.0;;;Vermelho;38.0;28.0
2033;26.02.2025;39;39,163;38,8;37,915;979.0;31.0;;;Vermelho;35.0;34.0
2033;27.02.2025;39,3;38,70666667;38,4;37,31333333;990.0;31.0;;;Vermelho;44.0;35.0
2033;28.02.2025;38,9;38,71875;36,6;37,26875;1028.0;32.0;;;Vermelho;47.0;37.0
2033;01.03.2025;39,1;38,74117647;37,8;37,3;1076.0;33.0;;;Vermelho;47.0;24.0
2033;02.03.2025;37,9;38,69444444;36,4;37,25;1135.0;27.0;;true;Vermelho;41.0;30.0
2033;03.03.2025;39;38,71052632;37,9;37,28421053;1149.0;33.0;;true;Vermelho;42.0;34.0
2033;04.03.2025;38,9;38,72;38,2;37,33;1196.0;32.0;;;Vermelho;36.0;24.0
2033;05.03.2025;38,6;38,71428571;37,6;37,34285714;1240.0;30.0;;;Vermelho;45.0;42.0
2033;06.03.2025;38,8;39,057;37,9;37,81;1274.0;32.0;;;Vermelho;41.0;43.0
2035;13.02.2025;39;38,79;37,4;37,83;350.0;29.0;;;Vermelho;31.0;33.0
2035;14.02.2025;39,2;38,86;37,3;37,39;457.0;28.0;;;Vermelho;42.0;30.0
2035;15.02.2025;39,1;38,98;36,2;36,83;514.0;28.0;;;Vermelho;36.0;14.0
2035;16.02.2025;38,7;38,625;37,3;37,373;564.0;28.0;;;Vermelho;42.0;28.0
2035;17.02.2025;39,9;39,15;38,2;37,775;588.0;33.0;;;Vermelho;44.0;35.0
2035;18.02.2025;39,2;38,75;35,1;35,725;652.0;30.0;;;Vermelho;41.0;33.0
2035;19.02.2025;39,2;38,96;35,1;36,82;675.0;30.0;;;Vermelho;32.0;38.0
2035;20.02.2025;39,2;39,142;37;37,984;739.0;31.0;;?;Vermelho;39.0;38.0
2035;21.02.2025;39;39,005;37;37,473;752.0;33.0;;true;Vermelho;43.0;33.0
2035;22.02.2025;38,9;38,91;36,5;37,51;819.0;31.0;;;Vermelho;40.0;25.0
2035;23.02.2025;38,8;38,747;36,9;37,11;831.0;33.0;;;Vermelho;42.0;29.0
2035;24.02.2025;38,9;38,942;36,5;37,026;882.0;31.0;;;Vermelho;39.0;42.0
2035;25.02.2025;38,3;38,894;35,2;36,742;926.0;31.0;true;;Vermelho;38.0;27.0
2035;26.02.2025;39,1;39,163;37,1;37,915;983.0;31.0;;;Vermelho;45.0;40.0
2035;27.02.2025;39,4;39,06;37,8;36,70666667;1003.0;31.0;;;Vermelho;43.0;42.0
2035;28.02.2025;39,8;39,10625;37,6;36,7625;1045.0;32.0;;;Vermelho;39.0;42.0
2035;01.03.2025;39,4;39,12352941;38;36,83529412;1086.0;33.0;;true;Vermelho;41.0;40.0
2035;02.03.2025;38,5;39,08888889;36,2;36,8;1145.0;27.0;;true;Vermelho;52.0;35.0
2035;03.03.2025;39,1;39,08947368;38,1;36,86842105;1165.0;33.0;;true;Vermelho;40.0;40.0
2035;04.03.2025;39,2;39,095;37,7;36,91;1208.0;32.0;;;Vermelho;38.0;39.0
2035;05.03.2025;38,8;39,08095238;36,5;36,89047619;1249.0;30.0;;;Vermelho;39.0;39.0
2035;06.03.2025;39,2;39,057;37,6;37,81;1294.0;32.0;;;Vermelho;35.0;39.0
2058;13.02.2025;38,1;38,79;36,4;37,83;367.0;29.0;;;Vermelho;38.0;26.0
2058;14.02.2025;39,1;38,86;37,5;37,39;469.0;28.0;;;Vermelho;41.0;36.0
2058;15.02.2025;39,2;38,98;38,1;36,83;495.0;28.0;;;Vermelho;34.0;34.0
2058;16.02.2025;38,9;38,625;36,1;37,373;534.0;28.0;;;Vermelho;43.0;40.0
2058;17.02.2025;39,1;39,15;37;37,775;570.0;33.0;;;Vermelho;46.0;29.0
2058;18.02.2025;39,1;38,75;34,1;35,725;653.0;30.0;;;Vermelho;32.0;30.0
2058;19.02.2025;38,8;38,96;35,9;36,82;662.0;30.0;;;Vermelho;37.0;32.0
2058;20.02.2025;39,5;39,142;38,5;37,984;724.0;31.0;;;Vermelho;38.0;40.0
2058;21.02.2025;39;39,005;36,9;37,473;757.0;33.0;;;Vermelho;39.0;30.0
2058;22.02.2025;39,1;38,91;37,2;37,51;817.0;31.0;;;Vermelho;36.0;30.0
2058;23.02.2025;38,6;38,747;37,5;37,11;834.0;33.0;;;Vermelho;40.0;34.0
2058;24.02.2025;38,9;38,942;36,1;37,026;864.0;31.0;;;Vermelho;39.0;36.0
2058;25.02.2025;38,9;38,894;36,6;36,742;910.0;31.0;;;Vermelho;37.0;34.0
2058;26.02.2025;39;39,163;37,8;37,915;970.0;31.0;;;Vermelho;40.0;47.0
2058;27.02.2025;39,4;38,98;38,5;36,94666667;1002.0;31.0;;;Vermelho;38.0;50.0
2058;28.02.2025;39,3;39;38,2;37,025;1030.0;32.0;;;Vermelho;42.0;51.0
2058;01.03.2025;39,4;39,02352941;37,9;37,07647059;1075.0;33.0;;;Vermelho;42.0;39.0
2058;02.03.2025;38,4;38,98888889;36,9;37,06666667;1134.0;27.0;;true;Vermelho;36.0;46.0
2058;03.03.2025;39;38,98947368;37,7;37,1;1163.0;33.0;;true;Vermelho;0.0;0.0
2058;04.03.2025;39,1;38,995;37,5;37,12;1189.0;32.0;;;Vermelho;46.0;41.0
2058;05.03.2025;39;38,9952381;38,3;37,17619048;1239.0;30.0;;;Vermelho;38.0;53.0
2058;06.03.2025;39,6;39,057;38,1;37,81;1282.0;32.0;;true;Vermelho;35.0;37.0
2059;13.02.2025;38,7;38,79;38,8;37,83;423.0;29.0;;;Vermelho;39.0;36.0
2059;14.02.2025;38,7;38,86;37,8;37,39;455.0;28.0;true;;Vermelho;38.0;29.0
2059;15.02.2025;39,1;38,98;37,2;36,83;497.0;28.0;true;;Vermelho;44.0;27.0
2059;16.02.2025;38,3;38,625;37;37,373;535.0;28.0;true;;Vermelho;43.0;32.0
2059;17.02.2025;38,8;39,15;37,6;37,775;574.0;33.0;;;Vermelho;41.0;33.0
2059;18.02.2025;38,1;38,75;34,7;35,725;659.0;30.0;;;Vermelho;0.0;0.0
2059;19.02.2025;38,9;38,96;35;36,82;676.0;30.0;;;Vermelho;37.0;36.0
2059;20.02.2025;39,3;39,142;37,5;37,984;733.0;31.0;;;Vermelho;40.0;38.0
2059;21.02.2025;39,7;39,005;36,7;37,473;770.0;33.0;;;Vermelho;31.0;31.0
2059;22.02.2025;38,7;38,91;37,1;37,51;807.0;31.0;;;Vermelho;30.0;43.0
2059;23.02.2025;38,4;38,747;36,6;37,11;822.0;33.0;;;Vermelho;40.0;33.0
2059;24.02.2025;39,7;38,942;37,4;37,026;865.0;31.0;;;Vermelho;35.0;39.0
2059;25.02.2025;38,4;38,894;36;36,742;924.0;31.0;;;Vermelho;38.0;28.0
2059;26.02.2025;38,8;39,163;36,6;37,915;978.0;31.0;;;Vermelho;44.0;30.0
2059;27.02.2025;39;38,84;38;36,93333333;995.0;31.0;;;Vermelho;39.0;28.0
2059;28.02.2025;38,7;38,83125;36,6;36,9125;1038.0;32.0;;;Vermelho;41.0;33.0
2059;01.03.2025;39,4;38,86470588;37,6;36,95294118;1083.0;33.0;;;Vermelho;38.0;37.0
2059;02.03.2025;38,4;38,83888889;37,2;36,96666667;1142.0;27.0;;;Vermelho;39.0;39.0
2059;03.03.2025;39,2;38,85789474;38,5;37,04736842;1164.0;33.0;;;Vermelho;37.0;41.0
2059;04.03.2025;38,9;38,86;37,1;37,05;1193.0;32.0;;;Vermelho;43.0;38.0
2059;05.03.2025;39;38,86666667;37,4;37,06666667;1248.0;30.0;;;Vermelho;35.0;39.0
2059;06.03.2025;39,2;39,057;35,4;37,81;1283.0;32.0;;;Vermelho;40.0;45.0
2121;13.02.2025;38,5;38,79;37,6;37,83;429.0;29.0;;;Vermelho;41.0;29.0
2121;14.02.2025;38,5;38,86;36,3;37,39;479.0;28.0;;;Vermelho;39.0;38.0
2121;15.02.2025;39,1;38,98;36,9;36,83;518.0;28.0;;;Vermelho;39.0;25.0
2121;16.02.2025;38,1;38,625;37,9;37,373;566.0;28.0;;;Vermelho;31.0;34.0
2121;17.02.2025;39,2;39,15;37,2;37,775;576.0;33.0;;;Vermelho;43.0;28.0
2121;18.02.2025;38,7;38,75;35;35,725;656.0;30.0;;;Vermelho;40.0;33.0
2121;19.02.2025;38,8;38,96;36,8;36,82;680.0;30.0;;;Vermelho;38.0;33.0
2121;20.02.2025;39,2;39,142;37,9;37,984;729.0;31.0;;;Vermelho;42.0;44.0
2121;21.02.2025;39,1;39,005;36,8;37,473;778.0;33.0;;;Vermelho;34.0;29.0
2121;22.02.2025;39,2;38,91;38;37,51;809.0;31.0;;;Vermelho;33.0;35.0
2121;23.02.2025;38,9;38,747;37,5;37,11;832.0;33.0;;;Vermelho;42.0;32.0
2121;24.02.2025;39,2;38,942;37,8;37,026;878.0;31.0;;;Vermelho;38.0;41.0
2121;25.02.2025;39;38,894;37,5;36,742;917.0;31.0;;;Vermelho;41.0;28.0
2121;26.02.2025;39,2;39,163;37,6;37,915;977.0;31.0;;;Vermelho;43.0;32.0
2121;27.02.2025;39,4;38,94;38;37,25333333;1000.0;31.0;;;Vermelho;41.0;40.0
2121;28.02.2025;39,2;38,98666667;37,2;37,25;1041.0;32.0;;;Vermelho;42.0;32.0
2121;01.03.2025;39,5;38,98823529;37,2;37,24705882;1077.0;33.0;;true;Vermelho;39.0;31.0
2121;02.03.2025;38,3;38,95;36,2;37,18888889;1139.0;27.0;;;Vermelho;40.0;37.0
2121;03.03.2025;39,1;38,95789474;38,1;37,23684211;1162.0;33.0;;;Vermelho;48.0;46.0
2121;04.03.2025;39,4;38,98;37,9;37,27;1200.0;32.0;;true;Vermelho;43.0;36.0
2121;05.03.2025;39,1;38,98571429;38,6;37,33333333;1247.0;30.0;;;Vermelho;44.0;43.0
2121;06.03.2025;39,2;39,057;38,2;37,81;1289.0;32.0;;;Vermelho;43.0;35.0
2191;13.02.2025;39,1;38,79;38,2;37,83;404.0;29.0;;;Vermelho;;
2191;14.02.2025;38,8;38,86;38,7;37,39;476.0;28.0;;;Vermelho;;
2191;15.02.2025;39,2;38,98;36,6;36,83;520.0;28.0;;;Vermelho;;
2191;16.02.2025;39,1;38,625;38,8;37,373;563.0;28.0;;;Vermelho;;
2191;17.02.2025;39,3;39,15;37;37,775;585.0;33.0;;;Vermelho;;
2191;18.02.2025;38,9;38,75;33,2;35,725;658.0;30.0;;;Vermelho;;
2191;19.02.2025;39,4;38,96;35,7;36,82;661.0;30.0;;;Vermelho;;
2191;20.02.2025;39,5;39,142;38,3;37,984;736.0;31.0;;? ;Vermelho;;
2191;21.02.2025;38,5;39,005;37,6;37,473;755.0;33.0;;;Vermelho;;
2191;22.02.2025;38,5;38,91;37;37,51;820.0;31.0;;;Vermelho;;
2191;23.02.2025;38,8;38,747;37,3;37,11;829.0;33.0;;;Vermelho;;
2191;24.02.2025;39,3;38,942;37,4;37,026;869.0;31.0;;;Vermelho;;
2191;25.02.2025;39;38,894;37,7;36,742;914.0;31.0;;;Vermelho;;
2191;26.02.2025;39,5;39,163;37,2;37,915;968.0;31.0;true;;Vermelho;;
2191;27.02.2025;39,7;39,10666667;38,8;37,3;998.0;31.0;;;Vermelho;;
2191;28.02.2025;39,4;39,125;38,5;37,375;1027.0;32.0;;;Vermelho;;
2191;01.03.2025;39,5;39,14705882;38;37,41176471;1072.0;33.0;;;Vermelho;;
2191;02.03.2025;38,1;39,08888889;36,7;37,37222222;1128.0;27.0;;;Vermelho;;
2191;03.03.2025;39,3;39,1;37,7;37,38947368;1154.0;33.0;;;Vermelho;;
2191;04.03.2025;39,4;39,115;38,8;37,46;1190.0;32.0;;true;Vermelho;;
2191;05.03.2025;39,1;39,11428571;37,9;37,48095238;1235.0;30.0;;;Vermelho;;
2191;06.03.2025;39,3;39,057;38,6;37,81;1292.0;32.0;;;Vermelho;;
2173;13.02.2025;38,7;38,79;38,8;37,83;352.0;29.0;;;Vermelho;;
2173;14.02.2025;38,7;38,86;38,4;37,39;464.0;28.0;;;Vermelho;;
2173;15.02.2025;39;38,98;32,2;36,83;490.0;28.0;;;Vermelho;;
2173;16.02.2025;38,7;38,625;38,5;37,373;560.0;28.0;;;Vermelho;;
2173;17.02.2025;39,1;39,15;37,9;37,775;580.0;33.0;;;Vermelho;;
2173;18.02.2025;38,9;38,75;37,5;35,725;648.0;30.0;;;Vermelho;;
2173;19.02.2025;39,2;38,96;37,9;36,82;673.0;30.0;true;true;Vermelho;;
2173;20.02.2025;39;39,142;37,1;37,984;731.0;31.0;;true;Vermelho;;
2173;21.02.2025;38,9;39,005;37,2;37,473;751.0;33.0;true;;Vermelho;;
2173;22.02.2025;38,7;38,91;38,1;37,51;816.0;31.0;;;Vermelho;;
2173;23.02.2025;38,7;38,747;37,2;37,11;827.0;33.0;;;Vermelho;;
2173;24.02.2025;39,2;38,942;37,6;37,026;874.0;31.0;;;Vermelho;;
2173;25.02.2025;39;38,894;36,7;36,742;911.0;31.0;;;Vermelho;;
2173;26.02.2025;39,2;39,163;37,9;37,915;969.0;31.0;;;Vermelho;;
2173;27.02.2025;39,5;38,96666667;38,8;37,45333333;994.0;31.0;true;;Vermelho;;
2173;28.02.2025;39,3;38,9875;38,9;37,54375;1036.0;32.0;;;Vermelho;;
2173;01.03.2025;39,3;39,00588235;37,2;37,52352941;1078.0;33.0;;true;Vermelho;;
2173;02.03.2025;38;38,95;37,4;37,51666667;1136.0;27.0;;;Vermelho;;
2173;03.03.2025;39,3;38,96842105;38,5;37,56842105;1150.0;33.0;;true;Vermelho;;
2173;04.03.2025;39;38,97;37,9;37,585;1195.0;32.0;;;Vermelho;;
2173;05.03.2025;38,9;38,96666667;37,9;37,6;1238.0;30.0;;;Vermelho;;
2173;06.03.2025;39,4;39,057;38,1;37,81;1281.0;32.0;;;Vermelho;;
